-- phpMyAdmin SQL Dump
-- version 5.2.1
-- https://www.phpmyadmin.net/
--
-- Хост: 127.0.0.1:3306
-- Время создания: Авг 29 2025 г., 20:54
-- Версия сервера: 8.0.32
-- Версия PHP: 8.3.14

SET SQL_MODE = "NO_AUTO_VALUE_ON_ZERO";
START TRANSACTION;
SET time_zone = "+00:00";


/*!40101 SET @OLD_CHARACTER_SET_CLIENT=@@CHARACTER_SET_CLIENT */;
/*!40101 SET @OLD_CHARACTER_SET_RESULTS=@@CHARACTER_SET_RESULTS */;
/*!40101 SET @OLD_COLLATION_CONNECTION=@@COLLATION_CONNECTION */;
/*!40101 SET NAMES utf8mb4 */;

--
-- База данных: `firstdb`
--

-- --------------------------------------------------------

--
-- Структура таблицы `clients`
--

DROP TABLE IF EXISTS `clients`;
CREATE TABLE IF NOT EXISTS `clients` (
  `client_id` int NOT NULL AUTO_INCREMENT,
  `client_first_name` varchar(256) CHARACTER SET utf8mb4 COLLATE utf8mb4_0900_ai_ci DEFAULT NULL,
  `client_last_name` varchar(256) CHARACTER SET utf8mb4 COLLATE utf8mb4_0900_ai_ci DEFAULT NULL,
  `client_patronymic` varchar(256) DEFAULT NULL,
  `client_job` varchar(256) CHARACTER SET utf8mb4 COLLATE utf8mb4_0900_ai_ci DEFAULT NULL,
  `client_comment` text CHARACTER SET utf8mb4 COLLATE utf8mb4_0900_ai_ci,
  PRIMARY KEY (`client_id`),
  KEY `idx_client_name` (`client_first_name`(250))
) ENGINE=InnoDB AUTO_INCREMENT=652 DEFAULT CHARSET=utf8mb4 COLLATE=utf8mb4_0900_ai_ci;

--
-- Дамп данных таблицы `clients`
--

INSERT INTO `clients` (`client_id`, `client_first_name`, `client_last_name`, `client_patronymic`, `client_job`, `client_comment`) VALUES
(1, 'Жанна', 'Китаева', '', '', ''),
(2, 'Кристина', 'Никитина Хальзова', 'Сергеевна', '', ''),
(3, 'Олег', 'Абраменко', '', 'Itpatent', ''),
(4, 'Наталья', 'Епифанцева', '', '', ''),
(5, 'Евгения Шишкова', 'Шишкова', 'Михайловна poiskdela@mail.ru', '', ''),
(6, 'Залифа', 'Баймуратова', 'Мажитовна zalibay30@gmail.com', 'Рудн', ''),
(7, 'Александра', 'Фимченко', 'Сергеевна', '', ''),
(8, 'Екатерина', 'Кошевая', 'Анатольевна', '', ''),
(9, 'Анастасия', 'Кирюхина', '', '', ''),
(10, 'Анастасия', 'Герман', 'Александровна', '', ''),
(11, 'Елизавета', 'Дьячкова', 'iplab.de@gmail.com', 'Частная практика', ''),
(12, 'Татьяна', 'Немонова', '', 'ООО \"АЙНО\"', ''),
(13, 'Екатерина', '', '', '', ''),
(14, 'Мариам Сиордия', 'Мариам', 'Мариам', '', ''),
(15, 'Оксана', 'Афанасьева', '', '', ''),
(16, 'Полина', '', '', '', ''),
(17, 'Олеся', '', '', '', ''),
(18, 'Александр', 'Смоленский', '', 'ООО \"Селдон ПРО\"', ''),
(19, 'Евгений Горевой', 'Горевой', '', 'АО \"КОНТИ-РУС\"', ''),
(20, 'Диана', '', '', '', ''),
(21, 'Светлана', 'Поляк', '', '', ''),
(22, 'Вениамин', '', '', '', ''),
(23, 'Елена', 'Молчанова', '', '', ''),
(24, 'Вероника', 'Сборец', '', '', ''),
(25, 'Татьяна', 'Пирожкова', 'Владимировна', '', ''),
(26, 'Ольга', 'Марюхина', '', '', ''),
(27, 'Наталья', '', '', '', ''),
(28, 'Карина', 'Сорокина', '', '', ''),
(29, 'Ирина Евгений Никита', 'Земкина', 'Юрьевна irina.zemkina1997@gmail.com', '', ''),
(30, 'Сергей Сергей (@Oduvan98) Сергеи?', 'Волошин', 'voloshin.1998@mail.ru', 'МОКА Соничев Кзусь и партеры', ''),
(31, 'Евгения Евгенич Шишинова', 'Шишинова Евгения', 'eshishinova@gmail.com', '', ''),
(32, 'Александра А.Н.', 'Шульц', 'Николаевна', '', ''),
(33, 'Максим', '', '', '', ''),
(34, 'Зоряна Милько', 'Милько', 'Владимировна', 'Nda', ''),
(35, 'Julia Юлия Julua', 'Kazanskaya', 'Викторовна', '', ''),
(36, 'Екатерина', 'Полякова', 'Александровна eka.polyakova@gmail.com eka.polyakova@gmai.com', 'GS Labs', ''),
(37, 'Анастасия', 'Любченко', 'lubchenko.nst@gmail.com', 'ГК \"Дикси\"', ''),
(38, 'Анастасия', 'Подгурская', '89852780186@ya.ru', '', ''),
(39, 'Арина', '', '', '', ''),
(40, 'Армен', '', '', '', ''),
(41, 'Дарья', 'Кононенко (Гжимек)', '', '', ''),
(42, 'Ольга', 'Чистова', '', 'H&N', ''),
(43, 'Инна', '', '', '', ''),
(44, 'Татьяна Анна', '', '', '', ''),
(45, 'Юлия', '', '', '', ''),
(46, 'Анастасия', 'Сапронова', '', '', ''),
(47, 'Анна', 'Корнилова', '', 'ООО \"Шмитт и Орлов\"', ''),
(48, 'Ангелина', '', '', '', ''),
(49, 'Алексей', '', '', '', ''),
(50, 'Наталья', 'Блинова', '', '', ''),
(51, 'Екатерина', '', '', '', ''),
(52, 'Анна', 'Мельникова', 'Евгеньевна', 'ООО \"нкц\"', ''),
(53, 'Мария Екатерина Евгения', 'Лозовая', '', '', ''),
(54, 'Лина Василина', 'Ралько', 'Васильевна', '', ''),
(55, 'Юлия', 'Арасланова', '', '', ''),
(56, 'Елена', '', '', '', ''),
(57, 'Анна', 'Кузнецова', 'kuznetsova@bebrand.site', '', ''),
(58, 'Светлана', 'Романеева', '', '', ''),
(59, 'Олег', '', '', '', ''),
(60, 'Лариса', '', '', '', ''),
(61, 'Кристина', '', '', '', ''),
(62, 'Анастасия', '', '', '', ''),
(63, 'Светлана', 'Лялькова', 'svetlanalialkova@gmail.com', '', ''),
(64, 'Илья', '', '', '', ''),
(65, 'Евгения', 'Распопова', 'Вячеславовна', 'ООО \"Пивоваренная компания \"Балтика\" АО \"НИИ \"Гириконд\" (оборонка)', ''),
(66, 'Ольга', '', '', '', ''),
(67, 'Кирилл', 'Усов', '', '', ''),
(68, 'Валерия', 'Малюгова', '', '', ''),
(69, 'Александра', '', '', '', ''),
(70, 'Михаил', '', '', '', ''),
(71, 'Алена', 'Карпова', '', '', ''),
(72, 'Наталья', 'Камаева', '', 'Билайн', ''),
(73, 'Ольга', 'Малыгина', 'Александровна', 'ООО \"АВГ\" https://www.awg.ru/', ''),
(74, 'Александр', 'Навценя', '', '', ''),
(75, 'Анастасия', 'Сивицкая', '', '', ''),
(76, 'Владимир', 'Пизов', '', '', ''),
(77, 'Алёна', 'Пантелей', '', '', ''),
(78, 'Варвара', 'Алитовская', '', '', ''),
(79, 'Артем', 'Гарден', '', '', ''),
(80, 'Екатерина', '', '', '', '; Email: <niklen2@rambler.ru> email_id: <83> перепривязан к клиенту id <53>; Телефон: <+7 916 800-11-48> phone_id: <83> перепривязан к клиенту id <53>; Продажа ID: <118> product_id: <11> перепривязана к клиенту id <53>; Продажа ID: <727> product_id: <42> перепривязана к клиенту id <53>;'),
(81, 'Лидия', 'Субботина', '', '', ''),
(82, 'Юлия', '', '', '', ''),
(83, 'Дарья', '', '', '', ''),
(84, 'Афанасий', '', '', '', ''),
(85, 'Ксения', '', '', '', ''),
(86, 'Виктория', '', '', '', ''),
(87, 'Ирина', 'Ангелова', '', '', ''),
(88, 'Ксения', '', '', '', ''),
(89, 'Екатерина', '', '', '', ''),
(90, 'Мария', '', '', '', ''),
(91, 'Анна', '', '', '', ''),
(92, 'Вероника', '', '', '', ''),
(93, 'Лариса', '', '', '', ''),
(94, 'Наталия', 'Солодкова', 'Сергеевна nlapushkina@yandex.ru', 'ООО\"Постгрес Профессиональный\" Postgres Professional', ''),
(95, 'Кристина', '', '', '', ''),
(96, 'Анастасия', '', '', '', ''),
(97, 'Анастасия', 'Синицына', '', '', ''),
(98, 'Анатолий', '', '', '', ''),
(99, 'Марина', '', '', '', ''),
(100, 'Алексей', 'Борцов', '', '', ''),
(101, 'Марк', '', '', '', ''),
(102, 'Анна', '', '', '', ''),
(103, 'Резеда', '', '', '', ''),
(104, 'Татьяна', '', '', '', ''),
(105, 'Андрей', '', '', '', ''),
(106, 'Екатерина', '', '', '', ''),
(107, 'Елена', 'Мокрушникова', '', '', ''),
(108, 'Александра', '', '', '', '; Email: <alexandra@shultslegal.ru> email_id: <111> перепривязан к клиенту id <32>; Телефон: <+7 965 246-97-48> phone_id: <113> перепривязан к клиенту id <32>; Продажа ID: <152> product_id: <12> перепривязана к клиенту id <32>;'),
(109, 'Инга', '', '', '', ''),
(110, 'Мария', '', '', '', ''),
(111, 'Виктория', '', '', '', ''),
(112, 'Дарья', 'Степанова', 'Игоревна', '', ''),
(113, 'Irina Ирина', '', '', '', ''),
(114, 'Ольга', '', '', '', ''),
(115, 'Дина Ольга', 'Юмагужина Исаева', 'Руслановна amber111_88@mail.ru Владимировна ol.v.isaeva@ya.ru', '', ''),
(116, 'Вадим', '', '', '', ''),
(117, 'Мария', 'Пнтонова Антонова', 'Валентиновна', '', ''),
(118, 'Кирилл', '', '', '', ''),
(119, 'Светлана', 'Правич', '', '', ''),
(120, 'Марина', 'Быкова', 'Олеговна', '', ''),
(121, 'Ани', '', '', '', ''),
(122, 'Иван', 'Хайдуров', 'Хайдуров', 'Group-IB', ''),
(123, 'Александра', 'Волкова', 'Владимировна', '', ''),
(124, 'Анна', '', '', '', ''),
(125, 'Александр', '', '', '', ''),
(126, 'Мария', 'Морозова Тимофеева', 'Александровна', '', ''),
(127, 'Александр', '', '', '', ''),
(128, 'Ольга', '', '', '', ''),
(129, 'Ксения', '', '', '', ''),
(130, '*', '', '', '', ''),
(131, 'Анна', '', '', '', ''),
(132, 'Ева', '', '', '', ''),
(133, 'Михаил', 'Харабрин', 'Васильевич', '', ''),
(134, 'Елена', '', '', '', ''),
(135, 'Инна Червина', '', '', '', ''),
(136, 'Вера', '', '', '', ''),
(137, 'Сергей', 'Шаповалов', '', '', ''),
(138, 'Виктория', '', '', '', ''),
(139, 'Лариана', '', '', '', ''),
(140, 'Азалия', '', '', '', ''),
(141, 'Марта', '', '', '', ''),
(142, 'Марина', '', '', '', ''),
(143, 'Алина', '', '', '', ''),
(144, 'Любовь', '', '', '', ''),
(145, 'Екатерина', '', '', '', ''),
(146, 'Юлия', 'Соловьева', '', '', ''),
(147, 'Дарья', '', '', '', ''),
(148, 'Светлана Воронова', 'Воронова', '', '', ''),
(149, 'Анна', '', '', '', ''),
(150, 'Даниил', '', '', '', ''),
(151, 'Юлия', 'Дунаева', 'Георгиевна', '', ''),
(152, 'Сергей', '', '', '', ''),
(153, 'Артем', '', '', '', ''),
(154, 'Геннадий', '', '', '', ''),
(155, 'Елена', '', '', '', ''),
(156, 'Марина', '', '', '', ''),
(157, 'Карина', 'Дернова', '', '', ''),
(158, 'Александр', '', '', '', ''),
(159, 'Александр', 'Шестериков', 'Андриянович', '', ''),
(160, 'Валерия', '', '', '', ''),
(161, 'Анастасия', 'Гришина', 'Александровна', '', ''),
(162, 'Светлана', '', '', '', ''),
(163, 'Анна', '', '', '', ''),
(164, 'Алексей', '', '', '', ''),
(165, 'Елена', 'Киреева', '', '', ''),
(166, 'Алла', '', '', '', ''),
(167, 'Евгения', '', '', '', ''),
(168, 'Марина', '', '', '', ''),
(169, 'Ксения', '', '', '', ''),
(170, 'Ганна', 'Воронкова', 'Федоровна g.voronkova@bbcg.org', '', ''),
(171, 'Эльвира', '', '', '', ''),
(172, 'Ирина', '', '', '', ''),
(173, 'Мария', '', '', '', ''),
(174, 'Евгений', 'Госьков', 'Сергеевич esgoskov@mail.ru', '', ''),
(175, 'Юлия', 'Шайхутдинова', 'Шайхутдинова Борисовна', '', ''),
(176, 'Евгения', '', '', '', ''),
(177, 'Екатерина', '', '', '', ''),
(178, 'Мария', '', '', '', ''),
(179, 'Татьяна', '', '', '', ''),
(180, 'Ольга', '', '', '', ''),
(181, 'Дарья', '', '', '', ''),
(182, 'Анастасия', 'Липатова', '', '', ''),
(183, 'Юлия', 'Цветкова', 'Сергеевна', '', ''),
(184, 'Валентина', 'Иващенко', 'Владиславовна', 'Кубит Практик', ''),
(185, 'Сергей', '', '', '', ''),
(186, 'Марина Шагина Сергеи?', 'Марина Шагина', 'Mozyleva_M@mail.ru', '', ''),
(187, 'Анна', '', '', '', ''),
(188, 'Lara', '', '', '', ''),
(189, 'Дарья', 'Першенкова', 'Александровна', '', ''),
(190, 'Иван', '', '', '', ''),
(191, 'Алексей', 'Борцов', '', '', ''),
(192, 'Александра', 'Руссу', '', '', ''),
(193, 'Виктор', '', '', '', ''),
(194, 'Дарья', '', '', '', ''),
(195, 'Александра', '', '', '', ''),
(196, 'Александра', '', '', '', ''),
(197, 'Нина', 'Полякова', '', '', ''),
(198, 'Никита', '', '', '', ''),
(199, 'Анна', 'Демирбаш', '', '', ''),
(200, 'Жанна', '', '', '', ''),
(201, 'Евгений', '', '', '', ''),
(202, 'Елена', '', '', '', ''),
(203, 'Мария', '', '', '', ''),
(204, 'Аслан', '', '', '', ''),
(205, 'Анастасия', '', '', '', ''),
(206, 'Мари', '', '', '', ''),
(207, 'Юлия', '', '', '', ''),
(208, 'Анна', '', '', '', ''),
(209, 'Владимир', '', '', '', ''),
(210, 'Андрей', '', '', '', ''),
(211, 'Николай Никооац', 'Иванов', 'Геннадиевич', '', ''),
(212, 'Татьяна', 'Галимарданова', '', '', ''),
(213, 'Екатерина', '', '', '', ''),
(214, 'Анна', 'Большакова', '', '', ''),
(215, 'Адиля', '', '', '', ''),
(216, 'Алина', 'Сероштан', '', '', ''),
(217, 'Елизавета Елизваета', 'Москвитина', 'Павловна Lizavetak@yandex.ru @Lizaliza19', '', ''),
(218, 'Таймураз', '', '', '', ''),
(219, 'Дарья', 'Юричь', '', '', ''),
(220, 'Мария', 'Дроздова', 'Евгеньевна', 'Ооо \"КИОН\"', ''),
(221, 'Ирина', 'Резникова', '', '', ''),
(222, 'Кирьяк Гульназ', '', '', '', ''),
(223, 'Анна', 'Журбенко', 'Станиславовна', '', ''),
(224, 'Анастасия', 'Сенникова', 'Владимировна', '', ''),
(225, 'Евгения', 'Сладкомёдова', '', '', ''),
(226, 'Дарья', 'Полтавец', 'Владимировна', '', ''),
(227, 'Дарья', 'Минеева', 'Николаевна', '', ''),
(228, 'Александр', 'Андрейчук', 'Иванович', '', ''),
(229, 'Ольга', 'Каштанова', 'Викторовна', '', ''),
(230, 'Ольга', 'Хорева', '', 'ГАОУ ВО МГПУ', ''),
(231, 'Jing', '', '', '', ''),
(232, 'Дарья', 'Михайлова', 'Вадимовна', '', ''),
(233, 'Светлана', '', 'Евгеньевна', '', ''),
(234, 'Мансур', '', '', '', ''),
(235, 'Анна Аня', '', '', '', ''),
(236, 'Полина', '', '', '', ''),
(237, 'Азат', '', '', '', ''),
(238, 'Наталья', '', '', '', ''),
(239, 'Валерия', 'Слепухина', 'Александровна', 'ООО Лаборатория будущего', ''),
(240, 'Марьям', '', '', '', ''),
(241, 'Тигран', 'Дьячкова', '', '', ''),
(242, 'Анна', '', '', '', ''),
(243, 'Заира', '', '', '', ''),
(244, 'Дмитрий', '', '', '', ''),
(245, 'Анна', '', '', '', ''),
(246, 'Иван', '', '', '', ''),
(247, 'Кирилл', '', '', '', ''),
(248, 'Наталия', '', '', '', ''),
(249, 'Николай', '', '', '', ''),
(250, 'Наталья', '', '', '', ''),
(251, 'Елена', 'Буряк', 'Владимировна elena6uryak@gmail.com', '', ''),
(252, 'Алена', 'Чекленкова', '', '', ''),
(253, 'Ольга', 'Тимошкина', 'Львовна timoshkina8428@gmail.com', 'ИП Тимошкина Частная практика', ''),
(254, 'Елена', 'Арзамазова', '', '', ''),
(255, 'Анна', '', '', '', ''),
(256, 'Лапа', '', '', '', ''),
(257, 'Ольга Ольга Акимова', '', '', '', ''),
(258, 'Марина', 'Александрова', '', '', ''),
(259, 'Екатерина', 'Старостина', 'Сергеевна', '', ''),
(260, 'Екатерина', 'Куссмауль', '', '', ''),
(261, 'Ксения', 'Гусева', 'Владимировна', '', ''),
(262, 'Дарья', 'Белова', 'Владимировна', '', ''),
(263, 'АН', 'Попова', '', '', ''),
(264, 'Алена', 'Нескоромюк', '', '', ''),
(265, 'Марина', 'Кулакова', 'Александровна', '', ''),
(266, 'Антон', 'Силкин', 'Сергеевич', '', ''),
(267, 'Татьяна', 'Марканова', '', '', ''),
(268, 'Анна', 'Коннова Журбенко Вилкова', 'cool200488@mail.ru', '', ''),
(269, 'Татьяна', 'Козлова', 'Викторовна', '', ''),
(270, 'Надежда', 'Дрозд', '', '', ''),
(271, 'Екатерина', 'Попонина', '', '', ''),
(272, 'Ольга', 'Авдеева', 'Сергеевна', '', ''),
(273, 'Ирина', 'Курасова', 'Александроана', '', ''),
(274, 'Константин', 'Балаев', '', '', ''),
(275, 'Николай', 'Бычков', 'Романович', '', ''),
(276, 'Ольга', 'Болгова', '', '', ''),
(277, 'Марина', 'Сизова', 'Андреевна', '', ''),
(278, 'Ирина', 'Филонова', 'Руслановна', '', ''),
(279, 'Aleksandr K. Александр', '', 'khayrov59@yandex.ru', '', ''),
(280, 'Angelina Kol', '', '', '', ''),
(281, 'Татьяна', 'Чурбакова', 'Владимировна', '', ''),
(282, 'Анастасия', 'Ашихмина', 'Валерьевна', '', ''),
(283, 'Анастасия', 'Ширшова', 'Олеговна', '', ''),
(284, 'Иванина МВ', '', '', '', ''),
(285, 'Илья', 'Базалеев', '', '', ''),
(286, 'Вероника', 'Вутын', 'Евгеньевна', '', ''),
(287, 'Анна', 'Бережная', 'Владимировна', '', ''),
(288, 'Эльнара', 'Фетуллаева', 'Руслановна', '', ''),
(289, 'Алла', 'Шилина', 'Романовна', '', ''),
(290, 'Евгения', 'Шилина', 'Борисовна', '', ''),
(291, 'Екатерина', 'Иванова', 'Пенчева', '', ''),
(292, 'Екатерина', 'Рубцова', 'Ивановна', '', ''),
(293, 'Екатерина', 'Лукина', 'Владимировна', '', ''),
(294, 'Виктория', 'Алжеева', 'Ивановна', '', ''),
(295, 'Егор', 'Смородинов', 'Викторович', '', ''),
(296, 'Полина', 'Веселова', 'Сергеевна', '', ''),
(297, 'Виктория', 'Синельникова', 'Геннадьевна', '', ''),
(298, 'Елена', 'Оберемок', '', '', ''),
(299, 'Марьяна', 'Маржохова', 'Хажмусовна', '', ''),
(300, 'Оксана', '', '', '', ''),
(301, 'Алина', 'Якименко', '', '', ''),
(302, 'Майя', 'Махкамова', 'Юрьевна', '', ''),
(303, 'Полина', 'Мушавкина', 'Даниловна', '', ''),
(304, 'Илюза', 'Махиянова', 'Азатовна', '', ''),
(305, 'Юлия', 'Андронова', 'Сергеевна', '', ''),
(306, 'Анна', '', '', '', ''),
(307, 'Анастасия', '', '', '', ''),
(308, 'Ольга', '', '', '', ''),
(309, 'Алла', '', '', '', ''),
(310, 'Александра', 'Хозеева', 'Владимировна', 'ООО \"ИКСПЛАНЕТ.РУ\"', ''),
(311, 'Мария', '', '', '', ''),
(312, 'Ирина', '', '', '', ''),
(313, 'Александр', 'Ригерт', '', '', ''),
(314, 'Екатерина', '', '', '', ''),
(315, 'Александр', '', '', '', ''),
(316, 'Равиль', '', '', '', ''),
(317, 'Яков', 'Бакланов', '', '', ''),
(318, 'Татьяна', 'Царегородцева', '', '', ''),
(319, 'Дмитрий', '', '', '', ''),
(320, 'Елена', '', '', '', ''),
(321, 'Вера', '', '', '', ''),
(322, 'Анна', 'Скворцова', '', 'Группа ИТ компаний', ''),
(323, 'Дженнет', 'Демидова', '', 'ИП Демидова Д.А.', ''),
(324, 'Ирина', 'Федотова', '', 'Юридические услуги', ''),
(325, 'Валерия', 'Логушина', '', 'Банк ВТБ (ПАО)', ''),
(326, 'Биюков', 'Эльдар', '', 'Банк ВТБ (ПАО)', ''),
(327, 'Ольга', 'Муравенкова', '', 'Страна Девелопмент', ''),
(328, 'Ольга', 'Какорина', '', 'ООО НП ГРУПП', ''),
(329, 'Наталья', 'Рассохина', '', 'Патентный поверенный', ''),
(330, 'Ирина', 'Маненкова', 'Irina-manenkova@mail.ru', 'ООО \"ППГ\"', ''),
(331, 'Ильяна', 'Липатова', '', 'ГК Иннотех', ''),
(332, 'Анна', 'Дубровина', 'Викторовна', 'ООО ГПМ ПАРТНЕР', ''),
(333, 'Елена', 'Колесник', 'Аркадьевна', 'Онлайн Патент', ''),
(334, 'Дмитрий', 'Терентьев', 'Алексеевич', 'Алкогольное право', ''),
(335, 'Анна', 'Дзасеева', 'Станиславовна', 'ООО Хэдхантер', ''),
(336, 'Александр', 'Манаков', 'Алексеевич', 'Алкогольное Право', ''),
(337, 'Елена', 'Лоскутова', 'Вячеславовна', 'lamagroup', ''),
(338, 'Ирина', 'Елахова', 'rtksolar@services-hr.ru', 'ГК СОЛАР', ''),
(339, 'Глеб', 'Ситников', 'gleb.sitnickow@yandex.ru', 'АБ \"Юрлов и партнёры\". ', ''),
(340, 'София', 'Енокаева', 'enokaeva.sofia@gmail.com', 'Айспик Лодж', ''),
(341, 'Полина', 'Поликарпова', 'ppolina14@gmail.com', '', ''),
(342, 'Олеся', 'Третьякова', '', '', ''),
(343, 'Дарья', 'Марьясова', 'Романовна', '', ''),
(344, 'Елена', 'Голованова', 'Николаевна', '', ''),
(345, 'Ирина', '', '', '', ''),
(346, 'Наталья', 'Зименкой', 'Викторовна', '', ''),
(347, 'Ольга', 'Исаева', 'Владимировна ol.v.isaeva@ya.ru', '', '; Email: <ol.v.isaeva@ya.ru> email_id: <372> перепривязан к клиенту id <115>; Телефон: <+7 915 091-70-47> phone_id: <354> перепривязан к клиенту id <115>; Телеграм: <нет тг> telegram_id: <342> перепривязан к клиенту id <115>; Продажа ID: <625> product_id: <39> перепривязана к клиенту id <115>; Продажа ID: <1166> product_id: <86> перепривязана к клиенту id <115>;'),
(348, 'Светлана', 'Иванова', '', '', ''),
(349, 'Татьяна', 'Бахарева', 'Александровна', '', ''),
(350, 'Елизавета', 'Тиросян', 'Тиграновна', '', ''),
(351, 'Юлия', 'Подколзина', 'Анатольевна', '', ''),
(352, 'Юлия', 'Чистова', 'Вячеславовна julia@apttech.ru', '', ''),
(353, 'Екатерина', 'Соколова', 'Олеговна', '', ''),
(354, 'Ольга', 'Бондарева', '', '', ''),
(355, 'Наталья', 'Туржина', 'Александровна', '', ''),
(356, 'Елена', 'Шумакова', '', '', ''),
(357, 'Наталья', 'Михайлова', '', '', ''),
(358, 'Екатерина', '', '', '', ''),
(359, 'Мария', 'Порохня', 'mporokhnya@promomed.pro', 'Промомед', ''),
(360, 'Елена', '', '', '', ''),
(361, 'Яна', '', '', '', ''),
(362, 'Ольга', '', '', '', ''),
(363, 'Елена', 'Поленова', '', '', ''),
(364, 'Александра', '', '', '', ''),
(365, 'Наталья', '', '', '', ''),
(366, 'Алла', '', '', '', ''),
(367, 'Светлана', '', '', '', ''),
(368, 'Кристина', 'Булатова', '', '', ''),
(369, 'Ольга', '', '', '', ''),
(370, 'Анна', '', '', '', ''),
(371, 'Дарья', '', '', '', ''),
(372, 'Анна', '', '', '', ''),
(373, 'Юлия', '', '', '', ''),
(374, 'Валентина', '', '', '', ''),
(375, 'Лера Валерия', '', '', '', ''),
(376, 'Яковенко', 'Никита', '', '', ''),
(377, 'Екатерина', '', '', '', ''),
(378, 'Маргарита', '', '', '', ''),
(379, 'Александра', '', '', '', ''),
(380, 'Дмитрий', 'Травников', '', '', ''),
(381, 'Екатерина', '', '', '', ''),
(382, 'Александр', '', '', '', ''),
(383, 'Наталья', '', '', '', ''),
(384, 'екатерина', '', '', '', ''),
(385, 'Анна', 'Кириченко', '', '', ''),
(386, 'Елизавета', '', '', '', ''),
(387, 'Анна', '', '', '', ''),
(388, 'Татьяна', '', '', '', ''),
(389, 'Евгения', '', '', '', ''),
(390, 'Наталья', '', '', '', ''),
(391, 'Анастасия', 'Суркова', '', '', ''),
(392, 'Ксения', '', '', '', ''),
(393, 'Mari', '', '', '', ''),
(394, 'Юлия', '', '', '', ''),
(395, 'Артем', '', '', '', ''),
(396, 'Мария', '', '', '', ''),
(397, 'Максим', '', '', '', ''),
(398, 'Елена', '', '', '', ''),
(399, 'Кристина', '', '', '', ''),
(400, 'Екатерина', '', '', '', ''),
(401, 'Мария', '', '', '', ''),
(402, 'Анастасия', '', '', '', ''),
(403, 'Валерия', '', '', '', ''),
(404, 'Светлана', '', '', '', ''),
(405, 'Андрей', '', '', '', ''),
(406, 'Елизавета', '', '', '', ''),
(407, 'Ксения', 'Бакунина', '', '', ''),
(408, 'Мария', 'Белкина', '', '', ''),
(409, 'Мария', '', '', '', ''),
(410, 'Elena', '', '', '', ''),
(411, 'Лиза', '', '', '', ''),
(412, 'Вероника', '', '', '', ''),
(413, 'Николай', '', '', '', ''),
(414, 'Алина', '', '', '', ''),
(415, 'Валерий', '', '', '', ''),
(416, 'Мария', '', '', '', ''),
(417, 'Katy Екатерина', '', '', '', ''),
(418, 'Анастасия', 'Попова', '', '', ''),
(419, 'Дарья', '', '', '', ''),
(420, 'Антон', 'Карман', '', '', ''),
(421, 'Александр', '', '', '', ''),
(422, 'Полина', '', '', '', ''),
(423, 'Елизавета', 'Бояркина', '', '', ''),
(424, 'Вячеслав', '', '', '', ''),
(425, 'Антон', '', '', '', ''),
(426, 'Елена', 'Новикова', '', '', ''),
(427, 'Инна', 'Тарбастаева', '', 'Самозанятая', ''),
(428, 'Евгений', '', '', '', ''),
(429, 'Светлана', '', '', '', ''),
(430, 'Олег', '', '', '', ''),
(431, 'Альфия', '', '', '', ''),
(432, 'Елена', '', '', '', ''),
(433, 'Татьяна', '', '', '', ''),
(434, 'Юлия', '', '', '', ''),
(435, 'Вера', 'Гибер', 'Игоревна', '', ''),
(436, 'Яна', '', 'yerofeeva@hse.ru', '', ''),
(437, 'Гринченко', 'Виталий', '', '', ''),
(438, 'Ульяна', 'Поздеева', '', '', ''),
(439, 'Сергей', 'Марей', '', '', ''),
(440, 'Диана', 'Плаксина', '', '', ''),
(441, 'Екатерина', 'Гаврилова', '', '', ''),
(442, 'Алексеи?', '', '', '', ''),
(443, 'Анна', '', '', '', ''),
(444, 'Ольга', 'Зиновьева', '', '', ''),
(445, 'Игорь', 'Кузнецов', '', '', ''),
(446, 'Екатерина', 'Золотухина', '', '', ''),
(447, 'Елена', 'Альмашова', '', '', ''),
(448, 'София', 'Залуцкая', '', '', ''),
(449, 'Ольга', 'Новикова', '', '', ''),
(450, 'Мария', 'Меркова', '', '', ''),
(451, 'Марина', 'Дмитриева', '', '', ''),
(452, 'Анна', 'Долгова', '', '', ''),
(453, 'Диана', 'Бунина', '', '', ''),
(454, 'Сергей', '', '', '', ''),
(455, 'Лилия', '', '', '', ''),
(456, 'Антон', '', '', '', ''),
(457, 'Дарина', '', '', '', ''),
(458, 'Ирина', '', '', '', ''),
(459, 'Юлия', 'Вяльдина', '', '', ''),
(460, 'Екатерина', '', '', '', ''),
(461, 'Елена', '', '', '', ''),
(462, 'Алсу', '', '', '', ''),
(463, 'Ирина', '', '', '', ''),
(464, 'Ирина', 'Рослова', '', '', ''),
(465, 'Алия', '', '', '', ''),
(466, 'Анна', '', '', '', ''),
(467, 'Мария', '', '', '', ''),
(468, 'Елена', '', '', '', ''),
(469, 'Юлия', '', '', '', ''),
(470, 'Анна', 'Румянцева', 'law@bebrand.site', '', ''),
(471, 'Александра', '', '', '', ''),
(472, 'Елена', 'Тюленева', '', 'АО \"ЕЭТП\"', ''),
(473, 'Римма', '', '', '', ''),
(474, 'Михаил', '', '', '', ''),
(475, 'Татьяна', 'Сусалёва', '', '', ''),
(476, 'Валентина', 'Березина', 'valya200101@list.ru', '', ''),
(477, 'Софья', '', '', '', ''),
(478, 'Анна', '', '', '', ''),
(479, 'Мария', 'Слесарева', '', '', ''),
(480, 'Полина', '', '', '', ''),
(481, 'Егор', '', '', '', ''),
(482, 'Ильяс', '', '', '', ''),
(483, 'Максим', '', '', '', ''),
(484, 'Елена', '', '', '', ''),
(485, 'Василиса', '', '', '', ''),
(486, 'Алексей', '', '', '', ''),
(487, 'Ресул', '', '', '', ''),
(488, 'Максим', 'Таболо', '', '', ''),
(489, 'Милена', '', '', '', ''),
(490, 'Ульяна', '', '', '', ''),
(491, 'Лилия', '', '', '', ''),
(492, 'Анастасия', 'Андропова', '', 'СГСПУ', ''),
(493, 'Evg', '', '', '', ''),
(494, 'Екатерина', 'Бушкова', '', '', ''),
(495, 'GA', '', '', '', ''),
(496, 'Алена', '', '', '', ''),
(497, 'Татьяна', '', '', '', ''),
(498, 'Ирина', '', '', '', ''),
(499, 'Светлана', 'Грищук-Бучка', '', 'Адвокат, патентный поверенный, Республика Молдова', ''),
(500, 'Юрий', '', '', '', ''),
(501, 'Ольга', '', '', '', ''),
(502, 'Екатерина', '', '', '', ''),
(503, 'Евгений', '', '', '', ''),
(504, 'Алексей', '', '', '', ''),
(505, 'Александр', '', '', '', ''),
(506, 'Татьяна', '', '', '', ''),
(507, 'Анастасия', '', '', '', ''),
(508, 'Ксения', '', '', '', ''),
(509, 'Сергей', '', '', '', ''),
(510, 'Вероника', '', '', '', ''),
(511, 'Мария', '', '', '', ''),
(512, 'Дарья', 'Фортунатова', '', '', ''),
(513, 'Анастасия', 'Гришина', '', '', ''),
(514, 'Лидия', 'Татарчук', '', '', ''),
(515, 'Юлия', 'Вяльдина', '', '', ''),
(516, 'Татьяна', 'Чурбакова', '', '', ''),
(517, 'Валентина', 'Косова', '', '', ''),
(518, 'Екатерина', 'Щинова', '', '', ''),
(519, 'Екатерина', 'Полякова', '', '', ''),
(520, 'Надежда', 'Харинова', '', '', ''),
(521, 'Светлана', 'Тарасова', '', '', ''),
(522, 'Елизавета', 'Андрейченко', '', '', ''),
(523, 'Екатерина', 'Богданова', '', '', ''),
(524, 'Екатерина', 'Иванова', '', '', ''),
(525, 'Ольга', 'Хворостова', '', '', ''),
(526, 'Нина', 'Романеева', '', '', ''),
(527, 'Евгения', 'Кузищина', '', '', ''),
(528, 'Кирилл', 'Гершанов', '', '', ''),
(529, 'Мария', 'Васянина', '', '', ''),
(530, 'Ольга  че', '', '', '', ''),
(531, 'Роман', 'Матюшенков', '', 'Positive Technologies (ранее O2 Consulting)', ''),
(532, 'Наталья', 'Капитонова', '', 'Битрикс24', ''),
(533, 'Юлия', 'Берестнева', '', 'ООО \"ВЕРИТА\"', ''),
(534, 'Иван', 'Киселев', '', 'ГРАВИТОН', ''),
(535, 'Мария', 'Унанян', '', 'АО Сандоз', ''),
(536, 'Александр', 'Аникеев', '', 'Юридика', ''),
(537, 'Екатерина', 'Скопинова', '', 'В декрете', ''),
(538, 'Кристина', 'Казгова', '', 'АО Группа СВЭЛ', ''),
(539, 'Шермет', 'Курбанов', '', 'SEAMLESS Legal', ''),
(540, 'Владислав', 'Григоржевский', '', 'ICWT', ''),
(541, 'Дмитрий', 'Величко', '', 'Евросиб', ''),
(542, 'Галина', 'Скобкарева', '', 'ООО \"Белбренд Консалт\"', ''),
(543, 'Александр', 'Волосников', '', 'ТюмГУ', ''),
(544, 'Лиза', 'Андреева', '', '', ''),
(545, 'Екатерина', 'Скрипченко', '', '', ''),
(546, 'Татьяна', 'Бахарева', '', '', ''),
(547, 'Ольга', 'Григорьева', '', '', ''),
(548, 'Алексей', 'Семынин', '', '', ''),
(549, 'Наталья', 'Халилова', '', '', ''),
(550, 'Елена', 'Кораблева', '', '', ''),
(551, 'Анна', 'Васильева', 'Александровна', '', ''),
(552, 'Денис', 'Слуцкер', '', '', ''),
(553, 'Вероника', 'Одинцова', '', '', ''),
(554, 'Анна', 'Журбенко', '', '', '; Email: <an.zhurbenko@mail.ru> email_id: <609> перепривязан к клиенту id <268>; Телефон: <+7 (926) 822-47-91> phone_id: <596> перепривязан к клиенту id <268>; Телеграм: <Anna> telegram_id: <257> перепривязан к клиенту id <268>; Продажа ID: <1007> product_id: <68> перепривязана к клиенту id <268>;'),
(555, 'Елена', 'Лабарешных', '', '', ''),
(556, 'Яна', 'Нижельская', '', '', ''),
(557, 'Александра', 'Матвейчук', '', '', ''),
(558, 'Чулпан', 'Биккинина', '', '', ''),
(559, 'Дина', 'Кузнецова', '', '', ''),
(560, 'Екатерина', '', '', '', ''),
(561, 'Альбина', 'Гудкова', '', '', ''),
(562, 'Екатерина', 'Коник', '', '', ''),
(563, 'Марина', 'Кулакова', '', '', ''),
(564, 'Матвей', 'Берестов', 'berestovm@yandex.ru', '', ''),
(565, 'Ирина', 'Дмитрян', 'un-dar109@mail.ru', '', ''),
(566, 'Наталья', 'Смирнова', 'nat77nn@yandex.ru', '', ''),
(567, 'Мария', 'Дудина', 'Андреевна', '', ''),
(568, 'Денис', 'Волков', '', '', ''),
(569, 'Валентина', 'Стукалова', '', '', ''),
(570, 'Юлия', 'Мамонтова', '', '', ''),
(571, 'Алиса', 'Ефремова', '', '', ''),
(572, 'Елена', 'Ивашко', 'Витальевна', '', ''),
(573, 'Юрий', 'Апухтин', '', '', ''),
(574, 'Мария', 'Кузьмина', '', '', ''),
(575, 'Ангелина', 'Прокофьева', '', '', ''),
(576, 'Александр', 'Спицин', 'Сергеевич spitsyn@invar.ru', '', ''),
(577, 'Артем', 'Штрауб', '', '', ''),
(578, 'Виктория', 'Жигалева', '', '', ''),
(579, 'Екатерина', 'Полякова', '', '', ''),
(580, 'Светлана', 'Крестелева', '', '', ''),
(581, 'Мария', 'Егоркина', '', '', ''),
(582, 'Дарья', 'Першенкова', 'd.pershenkova@hh.ru', 'Хедхантер', ''),
(583, 'Мария', 'Алексеева', '', '', ''),
(584, 'Азат', '', '', '', ''),
(585, 'Елизавета', 'Кожухарова', '', 'versus.legal', ''),
(586, 'Наталия', 'Солодкова', 'nlapushkina@yandex.ru', '', ''),
(587, 'Ольга', 'Акимова', 'prosto.olgaa@yandex.ru', '', ''),
(588, 'Елена', 'Шумакова', 'helen_tdass@mail.ru', '', ''),
(589, 'Ирина', 'Кутузова', '', '', ''),
(590, 'Виктория', '', '', '', ''),
(591, 'Оксана', 'Афанасьева Оксана', '', '', ''),
(592, 'Вера', 'Гибер', 'vera.giber@inbox.ru', '', ''),
(593, 'Юлия', 'Бородько', 'yuliya.borodko@mail.ru', 'Самолет', ''),
(594, 'Юлия', 'Кайнова', 'juliekv@yandex.ru', '', ''),
(595, 'Юлия', 'Шайхутдинова', 'metro_rb@mail.ru', '', ''),
(596, 'Анна', 'Кузнецова', 'kuznetsova@bbcg.org', '', ''),
(597, 'Альбина', 'Гудкова', 'sibirskihalbina@gmail.com', '', ''),
(598, 'Екатерина', 'Коник', 'ekaterina.konik99@gmail.com', 'Quattor Advisory', ''),
(599, 'Марина', 'Кулакова', 'constantfprof@gmail.com', '', ''),
(600, 'Денис', 'Волков', 'd.volkov.msal@gmail.com', '', ''),
(601, 'Мария', 'Дудина', 'mariadudina95@yandex.ru', '', ''),
(602, 'Дарья', 'Пономарева', 'lady.pon-daria@yandex.ru', '', ''),
(603, 'Татьяна', 'Мин', 'tatyana_min@mail.ru', 'Диджитал Комплаенс', ''),
(604, 'Денис', 'Слуцкер', 'dslutsker@diasoft.ru', '', ''),
(605, 'Анна', 'Дзасеева', 'dzaseeva.a@gmail.com7 916 386-97-26', 'Хедхантер (можно согласие только у нее попросить)', ''),
(606, 'Елена', 'Шумакова', 'helen_tdass@mail.ru', '', ''),
(607, 'Александр', 'Никулин', 'assistratio@mail.ru', '', ''),
(608, 'Софья', 'Енокаева', 'Enokaeva.sofia@gmail.com', '', ''),
(609, 'Ольга', 'Зиновьева', 'Olelezin@mail.ru', '', ''),
(610, 'Марина', 'Гринько', 'marinagrinko1982@gmail.com', '', ''),
(611, 'Елизавета', 'Андреи?ченко', 'Elizaveta.andreychenko@gmail.com', '', ''),
(612, 'Наталья', 'Смирнова', 'nat77nn@yandex.ru', '', ''),
(613, 'Марианна', 'Спиридонова', 'spi-marianna@yandex.ru', '', ''),
(614, 'Адель', '', 'aadelina@mail.ru', '', ''),
(615, 'Анна', 'Григорьева', 'keyliabash@gmail.com', '', ''),
(616, 'Илария', 'Горнакова', 'larag238r@g', '', ''),
(617, 'Екатерина', 'Баранахина', 'e.baranakhina@cherkizovo.com', 'Черкизово', ''),
(618, 'Артем', 'Лебедев', '5311256@mail.ru', 'Базальт СПО', ''),
(619, 'Илья Ирина Елена', 'Батарев Шуртакова', 'ibatarev@diasoft.ru angelini@yandex.ru elena.shurtakova@unilever-rus.ru', 'Юнилевер', ''),
(620, 'Максим', 'Черпак', 'cherpakmd@yandex-team.ru', 'Яндекс', ''),
(621, 'Мария Татьяна', 'Шкаброва Немонова', 'shkabrova@testgen.ru tnemonova@mail.ru', '\"ТестГен\"  IYNO', ''),
(622, 'Мария', 'Ларина', 'maria.larina@ostrovok.ru', 'Островок', ''),
(623, 'Дарья', 'Житкова', 'da.zhitkova@gmail.com', 'Яндекс GO', ''),
(624, 'Яна', 'Сапегина', 'Jana_sapegina@mail.ru', '', ''),
(625, 'Илария', 'Горнакова', 'larag238r@gmail.com', 'ПАО МТС', ''),
(626, 'Вера', 'Архипова', 'varkhipova@slb.com', 'ООО траст', ''),
(627, 'Михаил', 'Пирнавский', '', 'Сибинтек', ''),
(628, 'Диана', 'Шаклина', 'shaclina@yandex.ru', '', ''),
(629, 'Виктория', 'Ольхова', 'victoria.olhova@gmail.com', '', ''),
(630, 'Вероника', 'Комина', 'info@business-music.ru', '', ''),
(631, 'Татьяна', 'Лузенина', 'luzenina@macroscoptrade.com', '', ''),
(632, 'Анастасия', 'Липатова', 'lipatova@testgen.ru', '', ''),
(633, 'Мария', 'Тимохина', 'timohina.marya2014@yandex.ru', '', ''),
(634, 'Дарья', 'Назарова', 'Nds0709@bk.ru', '', ''),
(635, 'Елена', 'Артемьева', 'ematveeva@aflt-systems.ru', '', ''),
(636, 'Евгений', 'Фокин', 'fokin.evgeniy@mail.ru', '', ''),
(637, 'Анастасия', 'Сенкевич', 'gerbeona@gmail.com', '', ''),
(638, 'Дарья', 'Першенкова', 'd.pershenkova@hh.ru', 'Хедхантер', ''),
(639, 'Анна', 'Дзасеева', '(a.dzaseeva@hh.ru', '', ''),
(640, 'Ольга', 'Зиновьева', 'Olelezin@mail.ru', '', ''),
(641, 'Ксения', 'Суркова', 'k.y.surkova@gmail.com', '', ''),
(642, 'Елизавета', 'Андрейченко', 'elizaveta.andreychenko@gmail.com', '', ''),
(643, 'Александра', 'Галкина', 'amazhorova@semenovpevzner.com', 'Семенов и певзнет', ''),
(644, 'Наталья', 'Евдокушина', 'natalia.evdokushina@rambler.ru', '', ''),
(645, 'Анна', 'Сидорова', 'anna.sidorova@unilever-rus.ru', 'Юнилевер', ''),
(646, 'Евгения', 'Распопова', 'gijam@yandex.ru', '', ''),
(647, 'Анастасия', 'Некрасова', 'anastasiya.nkr@yandex.ru', '', ''),
(648, 'Анастасия', 'Суркова', 'itpravosurkova@yandex.ru', '', ''),
(649, 'Иван', 'Дзюба', 'neweshdz@gmail.com', '', ''),
(650, 'Екатерина', 'Шемереко', 'Ekaterina.Shemereko@gmail.co', '', ''),
(651, 'Татьяна', 'Чурбакова', 't.churbakova@ais-agency.pro', '', '');

-- --------------------------------------------------------

--
-- Структура таблицы `clients_email`
--

DROP TABLE IF EXISTS `clients_email`;
CREATE TABLE IF NOT EXISTS `clients_email` (
  `email_id` int NOT NULL AUTO_INCREMENT,
  `client_id` int NOT NULL,
  `email` varchar(100) CHARACTER SET utf8mb4 COLLATE utf8mb4_0900_ai_ci NOT NULL,
  PRIMARY KEY (`email_id`),
  UNIQUE KEY `email` (`email`),
  KEY `client_id` (`client_id`)
) ENGINE=InnoDB AUTO_INCREMENT=640 DEFAULT CHARSET=utf8mb4 COLLATE=utf8mb4_0900_ai_ci;

--
-- Дамп данных таблицы `clients_email`
--

INSERT INTO `clients_email` (`email_id`, `client_id`, `email`) VALUES
(1, 1, 'jkitaeva@mail.ru'),
(2, 2, 'chris.nikitina@gmail.com'),
(3, 3, 'info@itpatent.ru'),
(4, 4, 'natalya@epifantseva.ru'),
(5, 5, 'poiskdela@mail.ru'),
(6, 6, 'zalibay30@gmail.com'),
(7, 7, 'golosova98@yandex.ru'),
(8, 8, 'kornienko_2004@mail.ru'),
(9, 9, 'nkiriukhina2012@yandex.ru'),
(10, 10, 'masinilaw17@gmail.com'),
(11, 11, 'iplab.de@gmail.com'),
(12, 12, 'tnemonova@mail.ru'),
(13, 13, 'katerina.polikanova@bk.ru'),
(14, 14, 'siordia.mg@gmail.com'),
(15, 15, 'styfanovaoksana@gmail.com'),
(16, 16, 'p.kormina2013@yandex.ru'),
(17, 17, 'lesiachizheva@gmail.com'),
(18, 18, 'smol.sasha@mail.ru'),
(19, 19, 'gorevoy_e@mail.ru'),
(20, 20, 'plaksinadiana@icloud.com'),
(21, 21, 'sp@polyak.io'),
(22, 22, 'va@polyak.io'),
(23, 23, 'moltschanowa@gmail.com'),
(24, 24, 'profi.veronika@sboretc.ru'),
(25, 25, 'Solom.ka@mail.ru'),
(26, 26, 'olga.maryukhina@gmail.com'),
(27, 27, 'info@sinnatalie.ru'),
(28, 28, 'karinasorokina@bk.ru'),
(29, 29, 'irina.zemkina1997@gmail.com'),
(30, 30, 'red.fox98@mail.ru'),
(31, 31, 'eshishinova@gmail.com'),
(32, 32, 'alexandra.shultz@mail.ru'),
(33, 33, 'f.maxvello@gmail.com'),
(34, 34, 'zoryanamilko@mail.ru'),
(35, 35, 'Ikea1221@gmail.com'),
(36, 36, 'eka.polyakova@gmail.com'),
(37, 35, 'Ikea1221@gmail.con'),
(38, 37, 'Lubchenko.nst@gmail.com'),
(39, 38, '89852780186@ya.ru'),
(40, 24, 'sboretc.veronika@yandex.ru'),
(41, 39, 'justme.wow@mail.ru'),
(42, 40, 'as@open-law.net'),
(43, 41, 'inventum-legal@yandex.ru'),
(44, 42, 'olga.babunova@gmail.com'),
(45, 43, 'inanisimova@tut.by'),
(46, 44, 'efimtsevat@mail.ru'),
(47, 45, 'doljul@yandex.ru'),
(48, 46, 'm.stasia@mail.ru'),
(49, 47, 'anna.kornilova0308@gmail.com'),
(50, 48, 'prok13115@gmail.com'),
(51, 49, 'a.smirnov@kryptonite.ru'),
(52, 50, 'natali.blinova555@gmail.com'),
(53, 51, 'Golden-domes@yandex.ru'),
(54, 52, 'Nutka_16@mail.ru'),
(55, 53, 'Lomavi16@gmail.com'),
(56, 54, 'ralko.vasilina@yandex.ru'),
(57, 55, 'aras_ova@mail.ru'),
(58, 56, 'vip.lelay@bk.ru'),
(59, 57, 'kuznetsovaiplaw@mail.ru'),
(60, 58, 'sv.romaneeva@mail.ru'),
(61, 59, '8403@apmo.ru'),
(62, 60, 'jsls@rambler.ru'),
(63, 61, 'c-majorova20-4@yandex.ru'),
(64, 62, '2922293@bk.ru'),
(65, 63, 'svetlanalialkova@gmail.com'),
(66, 64, 'rudenkov.ilia@yandex.ru'),
(67, 65, 'gijam@yandex.ru'),
(68, 66, 'ola.ra.27@mail.ru'),
(69, 67, 'usov_kirill_1997@mail.ru'),
(70, 68, 'valeria-m.jur@mail.ru'),
(71, 69, 'm8h5@rambler.ru'),
(72, 70, 'morgolin.m@gmail.com'),
(73, 35, 'Kea1221@gmail.com'),
(74, 71, 'alenasamo@yandex.ru'),
(75, 72, 'Natasha.kamaeva@inbox.ru'),
(76, 73, 'olga.a.malygina@gmail.com'),
(77, 74, 'naff333@yandex.ru'),
(78, 75, 'asivitskaya@mail.ru'),
(79, 76, 'pizovvlad@mail.ru'),
(80, 77, 'askribakova@bk.ru'),
(81, 78, 'v_alitovskaya@mail.ru'),
(82, 79, 'gav@sovet.group'),
(83, 53, 'niklen2@rambler.ru'),
(84, 81, 'Lidiaab2012@gmail.com'),
(85, 82, 'Lu_tata@mail.ru'),
(86, 83, 'dasha.kabalina@mail.ru'),
(87, 84, 'xitvaa@yandex.ru'),
(88, 85, 'nimphetamines@mail.ru'),
(89, 86, 'viktoriya.ostolopova@mail.ru'),
(90, 87, 'angelini@yandex.ru'),
(91, 88, 'kseniyakrakovskaya@yandex.ru'),
(92, 89, 'yudina.ek2016@ya.ru'),
(93, 90, 'yushkova.iplawyer@gmail.com'),
(94, 91, 'ann-vilkova@yandex.ru'),
(95, 92, 'vabramchkina@yandex.ru'),
(96, 93, 'chizlara@mail.ru'),
(97, 94, 'nlapushkina@yandex.ru'),
(98, 95, 'Superkristi88@gmail.com'),
(99, 96, 'ianastasija0507@mail.ru'),
(100, 97, 'anastassia.sinitsyna@gmail.com'),
(101, 98, 'semenov@ip.su'),
(102, 99, 'mediator.ivanova@gmail.com'),
(103, 100, 'tmlab@yandex.ru'),
(104, 101, 'mordechaivarshaver@gmail.com'),
(105, 102, 'anna.karataeva17@gmail.com'),
(106, 103, 'Reznak@inbox.ru'),
(107, 104, 'Tati.pavlenko04@gmail.com'),
(108, 105, 'andrey@tanaga.ru'),
(109, 106, 'gorshkova.katherina@gmail.com'),
(110, 107, 'elenamokrushnikova@mail.ru'),
(111, 32, 'alexandra@shultslegal.ru'),
(112, 109, 'blinova11@yandex.ru'),
(113, 110, 'lawyer-ms@yandex.ru'),
(114, 111, 'a1772387@yandex.ru'),
(115, 112, 'stepanova_di@mail.ru'),
(116, 113, 'irina.ivf@yandex.ru'),
(117, 114, 'List.world87@mail.ru'),
(118, 115, 'amber111_88@mail.ru'),
(119, 116, 'lawsupport@kontirus.ru'),
(120, 117, 'mania2009@list.ru'),
(121, 118, 'i@9062122722.ru'),
(122, 119, 'sveta.pilipko@mail.ru'),
(123, 120, 'marbykova07@mail.ru'),
(124, 121, 'ani171@icloud.com'),
(125, 122, 'khaydurov@gmail.com'),
(126, 123, 'volkova-sandra@yandex.ru'),
(127, 124, 'niura.mitkina@yandex.ru'),
(128, 125, 'als_msk@mail.ru'),
(129, 126, 'top14udm@gmail.com'),
(130, 127, 'alexander.taimasov@gmail.com'),
(131, 128, 'krylovaoa@mail.ru'),
(132, 129, 'yakuninaksenia@gmail.com'),
(133, 130, 's3ofu.7@gmail.com'),
(134, 131, 'niutka_88@mail.ru'),
(135, 132, 'evastarostina111@mail.ru'),
(136, 133, 'harabrinm@mail.ru'),
(137, 134, 'eldruz@bk.ru'),
(138, 135, 'innachervina@gmail.com'),
(139, 136, 'vera-lazareva@mail.ru'),
(140, 137, 'tsvtpp@yandex.ru'),
(141, 138, 'Bukavl1992@gmail.com'),
(142, 139, 'chymy78@mail.ru'),
(143, 140, 'aveazazello@mail.ru'),
(144, 141, 'marta.babich@wedomain.ru'),
(145, 142, '789778899789@mail.ru'),
(146, 143, 'ae_cherkasova@mail.ru'),
(147, 144, 'amuree@rambler.ru'),
(148, 145, 'kattiusss@yandex.ru'),
(149, 146, 'yulya.soloveova@mail.ru'),
(150, 147, 'meleshenko-dasha@mail.ru'),
(151, 148, 'mkeeirbo@gmail.com'),
(152, 149, 'anna.karas@mvideo.ru'),
(153, 150, 'dan-z@bk.ru'),
(154, 151, 'klaipedamore@mail.ru'),
(155, 152, 'goryachikh@kontirus.ru'),
(156, 153, 'Konsyl.92@mail.ru'),
(157, 154, 'surgenkoga@gaz.ru'),
(158, 155, 'dunaeval@yandex.ru'),
(159, 156, 'rusalochkadelmar@gmail.com'),
(160, 157, 'karina.valtameri@gmail.com'),
(161, 158, 'ShilovAN@gaz.ru'),
(162, 159, 'shesterikovalex@mail.ru'),
(163, 160, 'valeriaschuri@yandex.ru'),
(164, 161, 'Sunnysky108@gmail.com'),
(165, 162, 'ksvip@rambler.ru'),
(166, 163, 'klimenkovaav@gaz.ru'),
(167, 164, 'gubinav@gaz.ru'),
(168, 165, 'lena.kireeva-alena@yandex.ru'),
(169, 166, 'alladolganova@mail.ru'),
(170, 167, 'ewgenia0502@mail.ru'),
(171, 168, 'm-margo82@mail.ru'),
(172, 169, 'zhiharevakseniia@gmail.com'),
(173, 170, 'g.voronkova@bbcg.org'),
(174, 171, 'ella@gerontology.ru'),
(175, 172, 'lirina2003@mail.ru'),
(176, 173, 'migli2002@mail.ru'),
(177, 174, 'esgoskov@mail.ru'),
(178, 175, 'metro_rb@mail.ru'),
(179, 176, 'Sarasvatika@yandex.ru'),
(180, 177, 'ershkatrina35@gmail.com'),
(181, 178, '89064013190@mail.ru'),
(182, 94, 'lans25@yandex.ru'),
(183, 179, 't.rakultseva@brusnika.ru'),
(184, 180, 'dange@list.ru'),
(185, 181, 'misiyukova@gmail.com'),
(186, 182, 'lipatova-av@yandex.ru'),
(187, 152, 'sergeigoryachikh@gmail.com'),
(188, 183, 'juliya41235@gmail.com'),
(189, 184, 'vaflia@list.ru'),
(190, 185, 'xromenkovsergey@gmail.com'),
(191, 186, 'mozyleva_m@mail.ru'),
(192, 187, 'ann_zara@bk.ru'),
(193, 188, 'larag238r@gmail.com'),
(194, 189, 'd.pershenkova@hh.ru'),
(195, 190, 'neweshdz@gmail.com'),
(196, 191, 'a-bortsov@yandex.ru'),
(197, 192, 'ayuantonova_2@edu.hse.ru'),
(198, 193, 'andryaschin2012@yandex.ru'),
(199, 194, 'darja.masutina@gmail.com'),
(200, 195, 'wuwun4ik@gmail.com'),
(201, 196, 'a.turpanova@bk.ru'),
(202, 197, 'ninelpolyakova@mail.ru'),
(203, 11, 'dyachkovalisa@gmail.com'),
(204, 198, 'kutsenko.niki@yandex.ru'),
(205, 199, '79269101460@yandex.ru'),
(206, 200, 'zhannet20@yandex.ru'),
(207, 201, 'evliv@yahoo.com'),
(208, 200, 'papazyan.zhanna@yandex.ru'),
(209, 202, 'v.e.a07@bk.ru'),
(210, 203, 'advokat9055566656@yandex.ru'),
(211, 33, 'fedotov.maximus.law@gmail.com'),
(212, 204, 'Aslanalboroff@yandex.ru'),
(213, 205, 'Vershovskaia23@gmail.com'),
(214, 206, 'dtcs76@yandex.ru'),
(215, 207, 'shyl@sovet.group'),
(216, 208, 'Yurist_ft@mail.ru'),
(217, 209, 'itshomicide@gmail.com'),
(218, 210, 'a.shindin@altuera.com'),
(219, 211, 'ng.ivanov@yandex.ru'),
(220, 212, 'tatadvocat@gmail.com'),
(221, 213, 'c.galich@me.com'),
(222, 214, 'anna.bolshakova@bgp.law'),
(223, 215, 'adilya92@mail.ru'),
(224, 216, 'alina.seroshtan@gmail.com'),
(225, 217, 'Lizavetak@yandex.ru'),
(226, 6, 'zalibay@gmail.com'),
(227, 218, 'tdzeboev@gmail.com'),
(228, 219, 'dasharich@rambler.ru'),
(229, 220, 'drozdova964@ya.ru'),
(230, 221, 'isr1979@mail.ru'),
(231, 222, 'gulnaz.kiryak@gmail.com'),
(232, 223, 'anna.zhurbenko@knauf.com'),
(233, 224, 'senny_sennik@mail.ru'),
(234, 225, 'jeneva2612@yandex.ru'),
(235, 226, 'trinitrotouene@gmail.com'),
(236, 227, 'dariaadashaa@gmail.com'),
(237, 228, 'astonandreykoa@yandex.ru'),
(238, 229, 'okashtanova@gmail.com'),
(239, 230, 'horeva.o@yandex.ru'),
(240, 231, 'lmk12light@mail.ru'),
(241, 232, 'd.lisnaya@mail.ru'),
(242, 233, '11111178@inbox.ru'),
(243, 234, 'mansur.radikov@gmail.com'),
(244, 235, 'l.ana@bk.ru'),
(245, 236, 'seventeenblackofficial@mail.ru'),
(246, 237, 'amullagaliev@itpatent.ru'),
(247, 238, 'vasilenko_nata@bk.ru'),
(248, 239, 'valeriya131@yandex.ru'),
(249, 240, 'yurist-bm@yandex.ru'),
(250, 241, 'a9037997008@gmail.com'),
(251, 242, 'bolshakovaae@yandex.ru'),
(252, 235, 'ann.laptiakru@gmail.com'),
(253, 243, 'zairaibragimova@yandex.ru'),
(254, 244, 'dchepis@gmail.com'),
(255, 245, 'azazel777@yandex.ru'),
(256, 246, 'Melikhov@mosdigitals.ru'),
(257, 247, 'Berlovkd@gmail.com'),
(258, 248, 'Nikolaeva_n_a@mail.ru'),
(259, 249, 'Uzh.nikolai@yandex.ru'),
(260, 250, 'natalia.piliposyan@yandex.ru'),
(261, 251, 'elena6uryak@gmail.com'),
(262, 252, 'alyonka.che@yandex.ru'),
(263, 253, 'timoshkina8428@gmail.com'),
(264, 254, 'arzamazovaurist@gmail.com'),
(265, 255, 'trek_caste.0x@icloud.com'),
(266, 256, 'ann-martynova@yandex.ru'),
(267, 257, 'prosto.olgaa@yandex.ru'),
(268, 224, 'senny.sennik@gmail.com'),
(269, 258, 'Ilmarinen8@mail.ru'),
(270, 259, 'katerina_star07@mail.ru'),
(271, 260, 'kussmaul@yandex.ru'),
(272, 261, '79139081824@ngs.ru'),
(273, 262, 'revelation.theron@gmail.com'),
(274, 263, 'zakazpa@mail.ru'),
(275, 189, 'dkiseleva.9@gmail.com'),
(276, 264, 'alenaneskoromyk@gmail.com'),
(277, 265, 'constantaprof@gmail.com'),
(278, 221, 'isr1969@mail.ru'),
(279, 221, 'reznikova@gardium.ru'),
(280, 4, 'ntl-al@mail.ru'),
(281, 266, 'a_silkin@sotex.ru'),
(282, 267, 'vestnikip.ru@gmail.com'),
(283, 268, 'cool200488@mail.ru'),
(284, 269, 'kozlovatv77@yandex.ru'),
(285, 270, 'drozdn.spb@mail.ru'),
(286, 271, 'katyanina124@gmail.com'),
(287, 161, 'sunnysky108@yandex.ru'),
(288, 272, 'avdee.olia@yandex.ru'),
(289, 273, 'madam.kurasowa1998@yandex.ru'),
(290, 274, 'k5517080@gmail.com'),
(291, 275, 'nikob500@yandex.ru'),
(292, 276, 'olgbol@mail.ru'),
(293, 277, 'sma1229@yandex.ru'),
(294, 278, 'irina.filonova@emergingtravel.com'),
(295, 279, 'khayrov59@yandex.ru'),
(296, 280, 'annkogen@yandex.ru'),
(297, 281, 't.churbakova@ais-agency.ru'),
(298, 282, 'lovezhik@yandex.ru'),
(299, 283, 'anastasia3005@yandex.ru'),
(300, 284, 'noir-sur-blanc@yandex.ru'),
(301, 285, 'somnium94@mail.ru'),
(302, 286, 'vutin.ve@gmail.com'),
(303, 287, 'av.berezhnaya12@gmail.com'),
(304, 288, 'monnnstera@yandex.ru'),
(305, 289, 'a.shilina@dodopizza.com'),
(306, 290, 'advokat.shilina@gmail.com'),
(307, 291, 'eip86@yandex.ru'),
(308, 73, 'olamal160496@list.ru'),
(309, 292, 'rubcatherine@gmail.com'),
(310, 293, 'katrin.mihailova@yandex.ru'),
(311, 294, 'vicundia@mail.ru'),
(312, 295, 'esmorodinov@yandex.ru'),
(313, 296, 'p-olina@yandex.ru'),
(314, 297, 'vika.sinel@yandex.ru'),
(315, 298, 'eaoberemok@mail.ru'),
(316, 299, 'marg.888@mail.ru'),
(317, 300, 'oko273@mail.ru'),
(318, 301, 'yakimenkoad@mail.ru'),
(319, 302, 'maya_mahkamova@mail.ru'),
(320, 303, 'Yan.vashkin@yandex.ru'),
(321, 304, 'makhianova.99@mail.ru'),
(322, 305, 'jsm62@yandex.ru'),
(323, 306, 'a.r.shakhbazyan@gmail.com'),
(324, 307, 'anastacia_111@bk.ru'),
(325, 308, 'minoza@mail.ru'),
(326, 309, 'abulda@yandex.ru'),
(327, 310, 'leto04@yandex.ru'),
(328, 311, 'Advocatemary@yandex.ru'),
(329, 312, 'ivkina.1706@mail.ru'),
(330, 24, 'veronika.sboretc@yandex.ru'),
(331, 313, 'alexrigert@yandex.ru'),
(332, 314, 'ershkatrina35@yahoo.com'),
(333, 315, 'butters@list.ru'),
(334, 316, 'ravils1990@yandex.ru'),
(335, 317, 'Yakoffservice@yandex.ru'),
(336, 318, 'tcaregorodceva@ya.ru'),
(337, 319, 'khrustal.dmitry@gmail.c'),
(338, 320, 'shurtakovae@yandex.ru'),
(339, 321, 'novi-vera@yandex.ru'),
(340, 52, 'Lawyer-anna@mail.ru'),
(341, 94, 'n.solodkova@postgrespro.ru'),
(342, 47, 'a.kornilova@so-ipr.com'),
(343, 322, 'tuzova981@gmail.com'),
(344, 323, 'Help@ipjen.net'),
(345, 324, 'feofirisha@mail.ru'),
(346, 325, 'lvaleri25@gmail.com'),
(347, 326, 'biyukov_eldar@mail.ru'),
(348, 327, 'olga.muravenkova@strana.com'),
(349, 328, 'Kakorina@nanoprotech.global'),
(350, 329, 'Therassokhina@gmail.com'),
(351, 330, 'irina-manenkova@mail.ru'),
(352, 331, 'ilyana.lipatova@yandex.ru'),
(353, 332, 'Ya@adubrovina.ru'),
(354, 333, 'kolesnike@onlinepatent.ru'),
(355, 334, 'Terentyev@uk-consulting.ru'),
(356, 335, 'a.dzaseeva@hh.ru'),
(357, 336, 'manakov@uk-consulting.ru'),
(358, 337, 'lama.group@mail.ru'),
(359, 338, 'ielakhova@gmail.com'),
(360, 339, 'gleb.sitnickow@yandex.ru'),
(361, 192, 'alexandra.russu@birchlegal.ru'),
(362, 340, 'Enokaeva.sofia@gmail.com'),
(363, 30, 'voloshin.1998@mail.ru'),
(364, 341, 'ppolina14@gmail.com'),
(365, 38, '89852770186@ya.ru'),
(366, 342, '4tretyakovaov@gmail.com'),
(367, 343, 'Maryasowa.d@yandex.ru'),
(368, 36, 'eka.polyakova@gmai.com'),
(369, 344, 'en.golovanova@gmail.com'),
(370, 345, 'babintseva.irina@gmail.com'),
(371, 346, 'zimenkon@yandex.ru'),
(372, 115, 'ol.v.isaeva@ya.ru'),
(373, 348, 'habar_1@rambler.ru'),
(374, 349, 'tab-1@mail.ru'),
(375, 350, 'etirosyan@gmail.com'),
(376, 351, 'podkolzina51@yandex.ru'),
(377, 352, 'julia@apttech.ru'),
(378, 353, 'sokolova_eo@inbox.ru'),
(379, 354, 'olga@ezybrand.ru'),
(380, 355, 'ntuip@yandex.ru'),
(381, 223, 'an.zhurbenko@gmail.com'),
(382, 356, 'elena.shumakova@planarchel.ru'),
(383, 357, 'mihailova78239@yandex.ru'),
(384, 37, 'Lubchenko-nst@gmail.com'),
(385, 358, 'Katerina-potanina@mail.ru'),
(386, 333, 'esonina@mail.ru'),
(387, 359, 'mariaporokhnya999@yandex.ru'),
(388, 360, 'Lena_polevaya@mail.ru'),
(389, 335, 'dzaseeva.a@gmail.com'),
(390, 361, '79234347770@yandex.ru'),
(391, 362, 'Ov.aksenova@gap-rs.ru'),
(392, 363, 'agata@rost-patent.ru'),
(393, 364, 'a.antonik@bk.ru'),
(394, 365, 'nataliya_skotnikova@mail.ru'),
(395, 343, 'D.Maryasova@krastsvetmet.ru'),
(396, 366, 'Slezinka000@mail.ru'),
(397, 367, 'sveta_aldarova_81@mail.ru'),
(398, 368, 'kristina@delokzn.ru'),
(399, 369, 'Olga.uchaeva@rb.com'),
(400, 370, 'annagorodkirov@mail.ru'),
(401, 371, 'dashavyatleva@gmail.com'),
(402, 372, 'orlanna88@mail.ru'),
(403, 373, 'yulya.ponomarenko.2002@mail.ru'),
(404, 374, '9366431@gmail.com'),
(405, 375, 'belitzvaleriya@gmail.com'),
(406, 376, 'Nikitayakovenko98@gmail.com'),
(407, 377, 'semenovs986@gmail.com'),
(408, 378, 'r.gorskaya@yandex.ru'),
(409, 379, 'Aleksa.ersh@yandex.ru'),
(410, 380, 'travnikov_dmitry@mail.ru'),
(411, 381, 'ipactive@mail.ru'),
(412, 382, 'avko@fc-zenit.ru'),
(413, 383, 'n3tjakova@yandex.ru'),
(414, 384, 'sukhova@litres.ru'),
(415, 67, 'cyprida-legal@mail.ru'),
(416, 385, 'anya.kirich@gmail.com'),
(417, 386, 'romanenko2492@gmail.com'),
(418, 387, 'extra.omnes@mail.ru'),
(419, 388, 'tatyanaglebova@yandex.ru'),
(420, 389, 'nem.eugenia@yandex.ru'),
(421, 390, 'NikolaevaN@gorodissky.com'),
(422, 391, 'itpravosurkova@yandex.ru'),
(423, 323, 'jen_neta@mail.ru'),
(424, 392, 'kvnikonorova@gmail.com'),
(425, 393, 'mari0715@yandex.ru'),
(426, 85, 'ur@bostonauto.ru'),
(427, 394, 'yu.borodko@samolet.ru'),
(428, 395, '5311256@mail.ru'),
(429, 396, 'dudinamariia@gmail.com'),
(430, 397, 'Cvesar2000@yandex.ru'),
(431, 398, 'e.romanenko@luchi.ru'),
(432, 399, 'Hristofer2014@yandex.ru'),
(433, 400, 'i9112388424@gmail.com'),
(434, 192, 'aleksaantonova@inbox.ru'),
(435, 401, 'maryan-1994@mail.ru'),
(436, 402, 'Koltsova_av@mail.ru'),
(437, 19, 'gorevoy@kontirus.ru'),
(438, 403, 'lmoryakina@gmail.com'),
(439, 404, 'svetlana.baturina@strana.com'),
(440, 405, 'drewsamoidov@yandex.ru'),
(441, 406, 'elizaveta.grekhova@strana.com'),
(442, 407, 'bakuninaKS@gmail.com'),
(443, 408, 'm.vl.belkina@gmail.com'),
(444, 409, 'mkochetkova.bip@mail.ru'),
(445, 410, 'Elena_kalina@bk.ru'),
(446, 411, 'razina@vitvet.com'),
(447, 412, 'Veronik.ivchenko@x5.ru'),
(448, 413, 'n1-r@bk.ru'),
(449, 414, 'gafiatulinalina@gmail.com'),
(450, 415, 'valpowe92@mail.ru'),
(451, 377, 'semionova.semenovs986@yandex.ru'),
(452, 416, 'Patent822@mail.ru'),
(453, 417, 'e.strebkova@gmail.com'),
(454, 418, 'anastasiia.popova@strana.com'),
(455, 419, 'yuydasha@gmail.com'),
(456, 420, 'irinakarmanlaw@gmail.com'),
(457, 421, 'A.Mazur@fdw.ru'),
(458, 422, 'emelyapolya1999@gmail.com'),
(459, 423, 'eliza.brkn@gmail.com'),
(460, 424, 'Vyacheslav.larionov1975@gmail.com'),
(461, 425, 'luckovskymax@gmail.com'),
(462, 426, 'ivanovaelena8888@mail.ru'),
(463, 427, 'inna-tarbastaeva@yandex.ru'),
(464, 428, '704795@list.ru'),
(465, 356, 'helen_tdass@mail.ru'),
(466, 429, 'ksvetochka@yahoo.com'),
(467, 430, 'brachionus1891@gmail.com'),
(468, 431, 'alya.salehova@gmail.com'),
(469, 432, 'Elena-urist2015@mail.ru'),
(470, 394, 'yuliya.borodko@mail.ru'),
(471, 433, 'tor1834004@yandex.ru'),
(472, 434, 'juliekv@yandex.ru'),
(473, 435, 'vera.giber@inbox.ru'),
(474, 57, 'kuznetsova@bbcg.org'),
(475, 436, 'yerofeeva@hse.ru'),
(476, 437, 'znapatent@mail.ru'),
(477, 438, 'u.pozdeeva@bk.ru'),
(478, 439, 'marey@group-ib.com'),
(479, 440, 'plaksina.diana@gmail.com'),
(480, 441, 'gavrilova_ekaterina15@bk.ru'),
(481, 442, 'astahov.av@inbox.ru'),
(482, 443, 'luchhiana@ya.ru'),
(483, 444, 'Ogzinovyeva@gmail.com'),
(484, 445, 'ruscorpus@bk.ru'),
(485, 446, 'catia.zolotuhina2011@yandex.ru'),
(486, 447, 'esalmashova@gmail.com'),
(487, 448, 'zalu-irina@yandex.ru'),
(488, 449, 'Olganozz@mail.ru'),
(489, 450, 'mmerkova@itpatent.ru'),
(490, 451, 'cmlt.dmitrievam@gmail.com'),
(491, 452, 'inffo_at@mail.ru'),
(492, 453, 'eremina_dianna@mail.ru'),
(493, 454, 'Q555@yandex.ru'),
(494, 81, 'lidia.butko@yandex.ru'),
(495, 455, 'lilka_9393@mail.ru'),
(496, 456, 'Anton.Masyukov@x5.ru'),
(497, 457, '9932235@mail.ru'),
(498, 458, 'ya@izemkina.ru'),
(499, 459, 'Jula251283@mail.ru'),
(500, 460, 'Ekaterina.dementiva@gmail.com'),
(501, 461, 'zyabko@rambler.ru'),
(502, 462, 'Shakirova.Alsy@gmail.com'),
(503, 463, 'isoloveva@samolet.ru'),
(504, 99, 'law-marich@yandex.ru'),
(505, 464, 'roslova@gmail.com'),
(506, 465, 'ermakova2777@mail.ru'),
(507, 466, 'anna.kindeeva@gmail.com'),
(508, 467, 'm.lapteva20@yandex.ru'),
(509, 468, 'edborul@mail.ru'),
(510, 469, 'iu.benko@yandex.ru'),
(511, 86, 'ostolopova01@icloud.com'),
(512, 470, 'annarum98@yandex.ru'),
(513, 471, 'alexandragrig775@gmail.com'),
(514, 472, 't_elena2014@mail.ru'),
(515, 473, 'rimin@mail.ru'),
(516, 474, 'ma.baldin@mail.ru'),
(517, 475, 'susalyova.juriste@mail.ru'),
(518, 476, 'valya200101@list.ru'),
(519, 477, 'sofia.silaeva2001@yandex.ru'),
(520, 478, 'a.polozova95@mail.ru'),
(521, 306, 'Annetshb@mail.ru'),
(522, 98, 'api@ip.su'),
(523, 479, 'Slesarevamo@yandex.ru'),
(524, 480, 'polly-m.molchanova@yandex.ru'),
(525, 481, 'filin.egor1994@yandex.ru'),
(526, 482, 'raxmankulov.ilyas@yandex.ru'),
(527, 483, 'm.drag@bk.ru'),
(528, 484, 'elena3.elena@ya.ru'),
(529, 485, 'vasshirenko@gmail.com'),
(530, 486, 'avarinus@mail.ru'),
(531, 26, 'maovamail@yahoo.com'),
(532, 487, 'poladovresul777@gmail.com'),
(533, 212, 'tatgal2006@yandex.ru'),
(534, 488, 'maxim_tabolo@epam.ru'),
(535, 489, 'milenagriazeva@gmail.com'),
(536, 490, 'uliana@mail2k.ru'),
(537, 29, 'nikita@newskylaw.ru'),
(538, 491, 'lilia@newskylaw.ru'),
(539, 492, 'prisma9640@gmail.com'),
(540, 493, 'R9700@ya.ru'),
(541, 494, 'bushkovak@gmail.com'),
(542, 495, 'ulysses.ssny@gmail.com'),
(543, 496, 'stepina.alena@list.ru'),
(544, 497, 'buhgaltergizatova@mail.ru'),
(545, 498, 'griffin82@mail.ru'),
(546, 499, 'svetlana_lawyet@yahoo.com'),
(547, 53, 'Juristick@yandex.ru'),
(548, 500, 'piton_3315@mail.ru'),
(549, 375, 'Belyavaya@mail.ru'),
(550, 501, 'olgamurzina25@yandex.ru'),
(551, 502, 'katerina.neshina@gmail.com'),
(552, 503, 'permm1@rambler.ru'),
(553, 475, 'jurist@clovermed.ru'),
(554, 504, 'mails17@mail.ru'),
(555, 505, 'tvoyiurist@mail.ru'),
(556, 227, 'amendment.company@gmail.com'),
(557, 506, 'taniatom@mail.ru'),
(558, 507, 'nastyagordienko456@yandex.ru'),
(559, 508, 'k.y.surkova@gmail.com'),
(560, 363, 'kvitika@yandex.ru'),
(561, 509, 'serge-toliatti@mail.ru'),
(562, 510, 'kondratowa.nika@yandex.ru'),
(563, 511, 'aronikova@mail.ru'),
(564, 512, 'fortuna495@gmail.com'),
(565, 513, 'balion54@yandex.ru'),
(566, 514, 'atarchuk1@rambler.ru'),
(567, 515, ' jula251283@mail.ru'),
(568, 516, 't.churbakova@ais-agency.pro'),
(569, 517, 'kosova.va@yandex.ru'),
(570, 518, 'gusarova-katrin@mail.ru'),
(571, 519, ' eka.polyakova@gmail.com'),
(572, 520, 'nadyaharinova@yandex-team.ru'),
(573, 521, 'slb-svetlana@yandex.ru'),
(574, 522, 'elizaveta.andreychenko@gmail.com'),
(575, 523, 'ekaterina@ur78.ru'),
(576, 524, 'kgoldenberg@mail.ru'),
(577, 525, 'xenia.khv@gmail.com'),
(578, 526, 'patentromaneev@gmail.com'),
(579, 527, 'janeeugenia@icloud.com'),
(580, 528, 'office@patgar.ru'),
(581, 529, 'm.vasyanina@rt-solar.ru'),
(582, 530, 'sov712@yandex.ru'),
(583, 531, 'romatyushenkov@mail.com'),
(584, 499, 'svetlana_lawyer@yahoo.com'),
(585, 532, 'natalya.kapitonova@gmail.com'),
(586, 533, 'berestneva@verita67.ru'),
(587, 534, 'ivangennadievich@yandex.ru'),
(588, 535, 'Maria.unanyan@sandoz.com'),
(589, 122, 'khaydurov@ya.ru'),
(590, 536, 'alex.anykeyev@gmail.com'),
(591, 537, 'kateskop@gmail.com'),
(592, 538, 'Kazgova@svel.ru'),
(593, 539, 'Kurbanov-legal@mail.ru'),
(594, 42, 'olga.chistova@corphn.com'),
(595, 540, 'gradiusalisik@gmail.com'),
(596, 541, 'Velichko.dee@gmail.com'),
(597, 542, 'buch.by@gmail.com'),
(598, 543, '9195648@mail.ru'),
(599, 544, 'andreevaliza885@gmail.com'),
(600, 545, 'e.s.skripchenko@gmail.com'),
(601, 546, ' tab-1@mail.ru'),
(602, 547, 'olga.grigoreva88@mail.ru'),
(603, 548, 'alexus911@yandex.ru'),
(604, 549, 'nat.khalilova@gmail.com'),
(605, 550, 'elenakorableva@mail.ru'),
(606, 551, 'lapekhina-anya@yandex.ru'),
(607, 552, 'ds.slutsker@gmail.com'),
(608, 553, 'v-odintsova@mail.ru'),
(609, 268, 'an.zhurbenko@mail.ru'),
(610, 555, 'bars0013@yandex.ru'),
(611, 556, 'yana._@mail.ru'),
(612, 557, 'scottishfold@mail.ru'),
(613, 558, ' bikkinina.ch@gmail.com'),
(614, 559, 'd.kuznetsova@grebneva.com'),
(615, 560, 'dio_@list.ru'),
(616, 561, 'sibirskihalbina@gmail.com'),
(617, 562, 'ekaterina.konik99@gmail.com'),
(618, 564, 'berestovm@yandex.ru'),
(619, 565, 'un-dar109@mail.ru'),
(620, 566, 'nat77nn@yandex.ru'),
(621, 567, 'MariaDudina95@yandex.ru'),
(622, 568, 'd.volkov.msal@gmail.com'),
(623, 429, 'ksvetochka@yahoo. com'),
(624, 569, 'Akilon45@mail.ru'),
(625, 570, 'stellavagantem@mail.ru'),
(626, 571, 'alisa.efremova@ispring.com'),
(627, 551, 'a.vasilieva@arenadata.io'),
(628, 572, 'e.ivashko@rt-solar.ru'),
(629, 494, 'pp@zhelezno.com'),
(630, 573, 'apukhtin@mail.ru'),
(631, 574, 'KuzminaMV@ncauto.ru'),
(632, 575, 'prokofieva@media-nn.org'),
(633, 576, 'spitsyn@invar.ru'),
(634, 577, 'shtraub@y-p.ru'),
(635, 578, 'victoria.zhigaleva@flocktory.com'),
(636, 330, 'i.manenkova@postgrespro.ru'),
(637, 579, 'ekaterina.polyakova@gs-labs.ru,'),
(638, 580, 'skresteleva@diasoft.ru'),
(639, 581, 'lll999333@mail.ru');

-- --------------------------------------------------------

--
-- Структура таблицы `clients_phone`
--

DROP TABLE IF EXISTS `clients_phone`;
CREATE TABLE IF NOT EXISTS `clients_phone` (
  `phone_id` int NOT NULL AUTO_INCREMENT,
  `client_id` int NOT NULL,
  `phone` varchar(100) NOT NULL,
  PRIMARY KEY (`phone_id`),
  UNIQUE KEY `phone` (`phone`),
  KEY `client_id` (`client_id`)
) ENGINE=InnoDB AUTO_INCREMENT=729 DEFAULT CHARSET=utf8mb4 COLLATE=utf8mb4_0900_ai_ci;

--
-- Дамп данных таблицы `clients_phone`
--

INSERT INTO `clients_phone` (`phone_id`, `client_id`, `phone`) VALUES
(1, 1, '+7 916 254-48-85'),
(2, 2, '+7 969011711'),
(3, 3, '+7 917 592-42-80'),
(4, 4, '+7 926 812-07-97'),
(5, 5, '+7 926 573-67-96'),
(6, 6, '+7 926 206-23-78'),
(7, 7, '+7 919 224-93-88'),
(8, 8, '+7 905 718-29-88'),
(9, 9, '+7 920 612-11-30'),
(10, 10, '+7 915 486-96-03'),
(11, 11, '+7 921 747-92-24'),
(12, 12, '+7 916 521-26-08'),
(13, 13, '+7 903 196-57-91'),
(14, 14, '+7 905 752-22-34'),
(15, 15, '+7 962 969-09-26'),
(16, 16, '+7 983 120-17-71'),
(17, 17, '+7 950 563-47-36'),
(18, 18, '+7 966 311-00-39'),
(19, 19, '+7 910 312-26-50'),
(20, 20, '+7 915 066-01-33'),
(21, 21, '+7 926 614-74-79'),
(22, 22, '+7 926 564-70-68'),
(23, 23, '+7 926 510-58-64'),
(24, 24, '+7 926 520-08-53'),
(25, 25, '+7 926 726-28-06'),
(26, 26, '+7 926 274-35-01'),
(27, 27, '+7 961 811-26-11'),
(28, 28, '+7 963 671-14-27'),
(29, 29, '+7 999 089-29-71'),
(30, 29, '+7 914 545-22-55'),
(31, 30, '+7 977 884-03-28'),
(32, 31, '+7 916 342-14-46'),
(33, 32, '+7 999 096-31-51'),
(34, 33, '+7 968 591-01-28'),
(35, 34, '+7 958 646-19-19'),
(36, 35, '+7 916 321-54-23'),
(37, 36, '+7 921 332-94-79'),
(38, 35, '+7 916 321-54-33'),
(39, 37, '+7 906 956-66-55'),
(40, 38, '+7 985 278-01-86'),
(41, 39, '+7 996 323-30-11'),
(42, 40, '+7 926 238-37-73'),
(43, 41, '+7 915 262-15-43'),
(44, 42, '+7 985 904-77-86'),
(45, 43, '+375 29 770-73-29'),
(46, 44, '+7 999 971-25-05'),
(47, 45, '+7 906 616-84-84'),
(48, 46, '+7 916 950-32-74'),
(49, 47, '+7 911 982-72-60'),
(50, 48, '+7 920 002-54-06'),
(51, 49, '+7 926 354-01-10'),
(52, 50, '+7 981 716-12-75'),
(53, 51, '+7 964 334-12-19'),
(54, 52, '+7 906 348-23-24'),
(55, 53, '+7 919 014-88-09'),
(56, 54, '+7 999 801-05-16'),
(57, 55, '+7 982 824-60-79'),
(58, 56, '+7 965 458-16-31'),
(59, 57, '+7 937 003-07-06'),
(60, 58, '+7 927 771-32-26'),
(61, 59, '+7 917 553-38-00'),
(62, 60, '+7 919 009-84-82'),
(63, 61, '+7 920 033-33-16'),
(64, 62, '+7 908 212-22-83'),
(65, 63, '+7 963 314-10-26'),
(66, 64, '+7 921 439-70-31'),
(67, 65, '+7 921 631-66-22'),
(68, 62, '+7 908 212-22-93'),
(69, 66, '+7 906 270-25-13'),
(70, 67, '+7 982 651-40-05'),
(71, 68, '+7 980 316-03-12'),
(72, 69, '+7 905 200-38-03'),
(73, 70, '+7 953 366-18-82'),
(74, 71, '+7 987 303-21-81'),
(75, 72, '+7 925 029-07-69'),
(76, 73, '+7 966 071-01-75'),
(77, 74, '+7 929 922-41-28'),
(78, 75, '+7 916 614-46-63'),
(79, 76, '+7 963 603-06-99'),
(80, 77, '+7 909 279-13-42'),
(81, 78, '+7 916 675-39-69'),
(82, 79, '79129122627'),
(83, 53, '+7 916 800-11-48'),
(84, 81, '+7 919 139-51-02'),
(85, 82, '+7 915 603-44-49'),
(86, 83, '+7 925 806-18-75'),
(87, 84, '+7 914 220-78-05'),
(88, 85, '+7 917 336-62-97'),
(89, 86, '+7 988 629-10-34'),
(90, 87, '+7 906 061-13-83'),
(91, 88, '+7 985 680-24-84'),
(92, 89, '+7 921 599-11-74'),
(93, 90, '+7 951 380-82-23'),
(94, 91, '+7 916 586-48-75'),
(95, 92, '+7 917 550-55-76'),
(96, 93, '+7 919 727-40-13'),
(97, 94, '+7 910 411-76-12'),
(98, 95, '+7 915 488-00-68'),
(99, 96, '+7 915 455-61-97'),
(100, 97, '+7 916 514-42-10'),
(101, 98, '+7 925 039-75-33'),
(102, 99, '+7 922 101-09-02'),
(103, 100, '+7 495 792-01-40'),
(104, 101, '+7 925 930-88-10'),
(105, 102, '+7 920 467-53-53'),
(106, 103, '+7 986 923-51-53'),
(107, 104, '+7 977 390-17-52'),
(108, 105, '+7 918 339-99-88'),
(109, 19, '+7 910 123-45-67'),
(110, 106, '+7 985 348-30-54'),
(111, 19, '+1 234-567-8901'),
(112, 107, '+7 903 996-50-88'),
(113, 32, '+7 965 246-97-48'),
(114, 109, '+7 985 228-13-91'),
(115, 110, '+7 902 565-97-67'),
(116, 111, '+7 977 169-93-44'),
(117, 112, '+7 963 121-09-66'),
(118, 113, '+7 916 123-45-67'),
(119, 114, '+7 961 717-33-55'),
(120, 115, '+7 908 895-22-70'),
(121, 116, '+7 471 273-04-14'),
(122, 117, '+7 919 991-94-55'),
(123, 118, '+7 906 212-27-22'),
(124, 119, '+7 982 703-49-76'),
(125, 120, '+7 922 222-09-38'),
(126, 121, '+7 918 123-99-98'),
(127, 122, '+7 981 000-00-00'),
(128, 123, '+7 916 082-00-01'),
(129, 124, '+7 922 244-27-21'),
(130, 125, '+7 919 728-68-04'),
(131, 126, '+7 912 460-11-03'),
(132, 69, '+7 958 111-11-11'),
(133, 127, '+7 980 360-01-30'),
(134, 128, '+7 925 924-89-46'),
(135, 129, '+7 916 147-97-26'),
(136, 130, '+7 999 635-07-85'),
(137, 131, '+7 917 621-94-26'),
(138, 132, '+7 999 096-41-07'),
(139, 133, '+7 968 930-11-82'),
(140, 134, '+7 922 046-28-34'),
(141, 135, '+7 918 335-34-87'),
(142, 136, '+7 913 466-32-69'),
(143, 137, '+7 904 426-14-21'),
(144, 138, '+7 914 329-31-82'),
(145, 139, '+7 923 263-64-63'),
(146, 140, '+7 915 449-81-96'),
(147, 141, '+7 910 490-41-47'),
(148, 142, '+7 910 430-73-15'),
(149, 143, '+7 999 905-23-42'),
(150, 144, '+7 926 222-67-22'),
(151, 145, '+7 921 388-85-48'),
(152, 146, '+375 29 126-16-70'),
(153, 147, '+7 913 452-00-06'),
(154, 148, '+7 904 248-62-75'),
(155, 149, '+7 919 104-41-02'),
(156, 150, '+7 903 549-73-21'),
(157, 151, '+7 960 981-76-12'),
(158, 152, '+7 919 132-36-41'),
(159, 153, '+7 999 121-20-18'),
(160, 154, '+7 910 058-60-74'),
(161, 155, '+7 903 575-66-42'),
(162, 156, '+7 985 761-06-59'),
(163, 157, '+7 953 373-65-53'),
(164, 158, '+7 930 342-92-71'),
(165, 159, '+7 918 933-60-50'),
(166, 160, '+7 999 203-69-52'),
(167, 161, '+7 905 954-67-97'),
(168, 162, '+7 919 766-97-95'),
(169, 163, '+7 915 942-16-44'),
(170, 164, '+7 905 663-87-61'),
(171, 165, '+7 967 534-95-62'),
(172, 166, '+7 922 202-28-00'),
(173, 167, '+7 952 203-14-40'),
(174, 168, '+7 926 962-34-45'),
(175, 169, '+7 987 980-35-16'),
(176, 170, '+7 912 580-07-60'),
(177, 171, '+7 921 932-09-24'),
(178, 172, '+7 905 959-22-69'),
(179, 173, '+7 910 162-80-68'),
(180, 174, '+7 903 949-49-50'),
(181, 175, '+7 916 626-85-49'),
(182, 176, '+7 961 515-11-96'),
(183, 177, '+7 985 252-98-08'),
(184, 178, '+7 999 999-99-99'),
(185, 179, '+7 912 213-28-25'),
(186, 180, '+7 903 181-58-28'),
(187, 181, '+7 912 741-49-05'),
(188, 182, '+7 917 063-19-83'),
(189, 183, '+7 910 448-60-90'),
(190, 184, '+7 931 963-18-16'),
(191, 185, '+7 977 192-72-67'),
(192, 186, '+7 929 911-19-42'),
(193, 187, '+7 999 185-27-86'),
(194, 188, '+7 960 753-95-28'),
(195, 189, '+7 916 241-56-90'),
(196, 190, '+7 929 111-16-32'),
(197, 191, '+7 903 792-01-40'),
(198, 192, '+7 966 121-36-82'),
(199, 193, '+7 900 562-00-42'),
(200, 194, '+7 925 370-11-79'),
(201, 195, '+7 916 386-90-19'),
(202, 196, '+7 977 263-27-06'),
(203, 197, '+7 903 678-75-51'),
(204, 198, '+7 925 146-41-50'),
(205, 199, '+7 926 910-14-60'),
(206, 200, '+7 918 017-55-65'),
(207, 201, '+7 985 769-00-81'),
(208, 202, '+7 904 109-76-51'),
(209, 203, '+7 905 556-66-56'),
(210, 204, '+7 931 315-07-80'),
(211, 205, '+7 999 221-71-69'),
(212, 206, '+7 925 865-05-75'),
(213, 207, '+7 967 365-54-50'),
(214, 208, '+7 923 477-22-32'),
(215, 211, '+7 985 228-27-06'),
(216, 217, '+7 985 332-51-25'),
(217, 218, '+7 918 826-83-81'),
(218, 219, '+7 902 256-93-88'),
(219, 220, '+7 912 670-22-35'),
(220, 19, '+1 234567890'),
(221, 221, '+7 910 427-69-61'),
(222, 222, '+7 961 192-82-84'),
(223, 223, '+7 926 822-47-91'),
(224, 224, '+7 960 832-06-73'),
(225, 225, '+7 920 348-08-90'),
(226, 226, '+7 923 438-92-64'),
(227, 227, '+7 911 721-95-46'),
(228, 228, '+7 925 059-57-28'),
(229, 229, '+7 916 562-66-33'),
(230, 230, '+7 977 299-50-62'),
(231, 231, '+7 903 999-99-99'),
(232, 232, '+7 922 027-72-50'),
(233, 233, '+7 909 923-38-57'),
(234, 234, '+7 912 754-10-17'),
(235, 235, '+7 977 383-69-35'),
(236, 236, '+7 912 451-40-99'),
(237, 237, '+7 917 244-55-44'),
(238, 238, '+7 905 777-11-76'),
(239, 239, '+7 912 649-18-02'),
(240, 240, '+7 952 193-32-42'),
(241, 241, '+7 903177008'),
(242, 242, '+7 926 074-36-86'),
(243, 2, '+7 969 011-71-17'),
(244, 243, '+7 915 217-86-71'),
(245, 244, '+7 916 994-44-23'),
(246, 245, '+7 963 921-43-70'),
(247, 246, '+7 916 525-45-69'),
(248, 247, '+7 919 175-79-42'),
(249, 248, '+7 916 905-48-16'),
(250, 249, '+7 926 050-57-09'),
(251, 250, '+7 965 122-77-27'),
(252, 251, '+7 964 642-89-77'),
(253, 252, '+7 985 305-36-62'),
(254, 253, '+7 964 584-84-28'),
(255, 254, '+7 977 530-31-81'),
(256, 255, '+7 995 609-06-04'),
(257, 256, '+7 915 451-81-91'),
(258, 212, '+7 964 700-00-03'),
(259, 257, '+7 916 219-11-93'),
(260, 113, '+7 916 916-69-73'),
(261, 258, '+7 910 266-23-07'),
(262, 259, '+7 967 362-02-50'),
(263, 260, '+7 928 157-80-10'),
(264, 261, '+7 913 908-18-24'),
(265, 262, '+7 910 690-56-65'),
(266, 263, '+7 926 204-20-92'),
(267, 264, '+7 916 363-14-23'),
(268, 265, '+7 915 007-51-74'),
(269, 266, '+7 925 836-85-54'),
(270, 267, '+7 926 907-41-20'),
(271, 268, '+7 981 132-38-99'),
(272, 19, '+7 1234567890'),
(273, 269, '+7 920 685-31-70'),
(274, 270, '+7 921 586-32-85'),
(275, 271, '+7 915 157-60-20'),
(276, 272, '+7 928 903-10-33'),
(277, 273, '+7 951 083-60-74'),
(278, 274, '+7 921 786-81-63'),
(279, 275, '+7 906 063-29-29'),
(280, 276, '+7 910 453-77-98'),
(281, 277, '+7 906 334-49-50'),
(282, 278, '+7 985 819-94-45'),
(283, 279, '+357 96 756086'),
(284, 280, '+7 960 482-15-93'),
(285, 281, '+7 926 186-82-30'),
(286, 282, '+7 961 582-15-21'),
(287, 283, '+7 922 204-23-96'),
(288, 284, '+7 916 171-61-81'),
(289, 285, '+7 964 370-70-15'),
(290, 286, '+7 915 183-90-92'),
(291, 287, '+7 949 337-32-01'),
(292, 288, '+7 950 001-88-81'),
(293, 289, '+7 917 550-22-90'),
(294, 290, '+7 918 164-10-21'),
(295, 291, '+7 916 605-80-97'),
(296, 292, '+7 921 320-98-83'),
(297, 293, '+7 921 983-96-10'),
(298, 294, '+7 905 524-05-38'),
(299, 295, '+7 953 672-99-20'),
(300, 296, '+7 929 529-15-59'),
(301, 297, '+7 911 761-33-08'),
(302, 298, '+7 981 815-13-35'),
(303, 299, '+7 918 722-73-56'),
(304, 300, '+7 916 963-88-54'),
(305, 301, '+7 914 070-35-52'),
(306, 295, '+7 963 552-51-26'),
(307, 122, '+7 981 757-93-35'),
(308, 302, '7 998 850 690'),
(309, 303, '+7 951 924-48-64'),
(310, 304, '+7 916 327-99-16'),
(311, 305, '+7 952 120-73-29'),
(312, 306, '+7 964 591-99-98'),
(313, 307, '+7 916 598-75-74'),
(314, 215, '+7 926 756-53-92'),
(315, 308, '+7 909 158-36-56'),
(316, 309, '+7 985 187-87-33'),
(317, 310, '+7 905 508-50-22'),
(318, 311, '+7 937 646-42-00'),
(319, 312, '+7 968 500-17-06'),
(320, 251, '+7 (964) 642-89-77'),
(321, 313, '7 (964) 495-16-31'),
(322, 317, '7 (995) 005-17-25'),
(323, 318, '7 (903) 500-23-85'),
(324, 78, '7 (916) 675-39-69'),
(325, 320, '+7 (903) 202-16-09'),
(326, 318, '+7 (903) 500-23-85'),
(327, 322, '+7 985 445-04-75'),
(328, 323, '+7 926 427-25-45'),
(329, 324, '+7 978 808-24-79'),
(330, 325, '+7 916 044-91-91'),
(331, 326, '+7 910 482-27-19'),
(332, 327, '+7 922 004-10-06'),
(333, 328, '+7 926 815-98-19'),
(334, 329, '+7 916 038-87-11'),
(335, 330, '+7 916 939-05-16'),
(336, 331, '+7 952 367-74-24'),
(337, 332, '+7 916 206-62-47'),
(338, 333, '+7 926 354-88-58'),
(339, 334, '+7 909 910-96-26'),
(340, 335, '+7 916 386-97-26'),
(341, 336, '+7 926 309-37-77'),
(342, 337, '+7 912 897-77-97'),
(343, 338, '+7 981 975-05-09'),
(344, 339, '+7 917 540-59-62'),
(345, 340, '+7 963 777-60-70'),
(346, 341, '+7 921 778-26-36'),
(347, 36, '+7 921 332-94-69'),
(348, 38, '+7 985 277-01-86'),
(349, 342, '+7 916 151-90-19'),
(350, 343, '+7 950 422-07-87'),
(351, 344, '+7 916 589-64-21'),
(352, 345, '+7 913 006-29-12'),
(353, 346, '+7 926 162-24-50'),
(354, 115, '+7 915 091-70-47'),
(355, 348, '+7 903 264-32-35'),
(356, 349, '+7 926 598-47-92'),
(357, 350, '+7 906 782-61-08'),
(358, 351, '+7 915 585-95-91'),
(359, 352, '+7 916 938-53-83'),
(360, 353, '+7 916 785-23-43'),
(361, 354, '+7 926 680-63-68'),
(362, 355, '+7 923 297-57-28'),
(363, 356, '+7 905 836-42-48'),
(364, 357, '7 (912) 881-97-50'),
(365, 358, '+7 915 398-34-30'),
(366, 359, '+7 917 592-68-88'),
(367, 360, '+7 926 769-08-60'),
(368, 361, '+7 923 434-77-70'),
(369, 362, '+7 906 150-87-57'),
(370, 363, '+7 903 200-14-94'),
(371, 364, '+7 952 381-29-24'),
(372, 365, '+7 910 797-50-01'),
(373, 366, '+7 926 837-24-28'),
(374, 367, '+7 977 780-92-54'),
(375, 368, '+7 917 391-29-20'),
(376, 369, '+7 953 321-22-65'),
(377, 370, '+7 912 369-80-01'),
(378, 371, '+7 928 184-39-29'),
(379, 372, '+7 930 854-08-73'),
(380, 373, '+7 977 961-78-03'),
(381, 374, '+7 916 936-64-31'),
(382, 375, '+7 950 042-73-37'),
(383, 376, '+7 983 231-77-94'),
(384, 377, '+7 921 341-15-47'),
(385, 378, '+7 916 951-32-71'),
(386, 379, '+7 916 928-12-37'),
(387, 380, '+7 926 576-16-85'),
(388, 381, '+7 927 141-44-88'),
(389, 382, '+7 931 000-08-71'),
(390, 383, '+7 961 515-74-33'),
(391, 384, '+7 905 737-46-39'),
(392, 385, '+7 921 375-23-22'),
(393, 386, '+7 927 933-14-33'),
(394, 387, '+7 916 532-40-07'),
(395, 388, '+7 916 583-13-56'),
(396, 389, '+7 981 822-48-80'),
(397, 390, '+7 916 291-77-00'),
(398, 391, '+7 989 722-94-06'),
(399, 392, '+7 925 400-75-27'),
(400, 393, '+7 911 097-09-49'),
(401, 394, '+7 903 501-32-08'),
(402, 395, '+7 929 531-12-56'),
(403, 396, '+7 910 860-91-61'),
(404, 397, '+7 965 620-18-10'),
(405, 398, '+7 999 038-00-45'),
(406, 399, '+7 960 343-09-02'),
(407, 400, '+7 00000000000'),
(408, 401, '+7 985 349-61-96'),
(409, 402, '+7 985 833-51-00'),
(410, 403, '+7 911 863-71-40'),
(411, 404, '+7 919 940-38-88'),
(412, 405, '+7 964 832-26-45'),
(413, 406, '+7 982 772-96-14'),
(414, 407, '+7 920 105-46-51'),
(415, 408, '+7 915 378-83-93'),
(416, 409, '+7 986 758-96-21'),
(417, 410, '+7 925 000-00-00'),
(418, 411, '+7 913 907-72-79'),
(419, 412, '+7 920 214-22-22'),
(420, 413, '+7 911 091-23-84'),
(421, 414, '+7 912 742-38-84'),
(422, 415, '+7 925 311-80-31'),
(423, 416, '+7 901 546-07-46'),
(424, 417, '+7 916 220-08-73'),
(425, 418, '+7 961 206-22-26'),
(426, 419, '7 (903) 017-38-15'),
(427, 422, '+7 960 046-66-00'),
(428, 423, '+7 903 672-02-28'),
(429, 424, '+7 915 056-44-52'),
(430, 426, '+7 905 539-88-25'),
(431, 427, '+7 913 008-04-29'),
(432, 428, '+7 953 975-47-95'),
(433, 94, '+7 910 408-25-48'),
(434, 429, '+7 911 022-92-66'),
(435, 69, '+7 965 034-47-23'),
(436, 430, '+7 926 534-03-02'),
(437, 431, '+7 910 002-10-19'),
(438, 432, '+7 951 801-11-37'),
(439, 433, '+7 916 016-05-69'),
(440, 434, '+7 967 008-44-39'),
(441, 435, '+7 916 425-13-23'),
(442, 436, '+7 916 426-63-13'),
(443, 186, '+7 (929) 911-19-42'),
(444, 437, '+7 (906) 496-15-08'),
(445, 36, '+7 (921) 332-94-79'),
(446, 438, '+7 (962) 860-32-52'),
(447, 439, '+7 (903) 106-41-26'),
(448, 343, '+7 (950) 422-07-87'),
(449, 440, '+7 (915) 066-01-33'),
(450, 87, '+7 (906) 061-13-83'),
(451, 441, '7 (953) 793-02-56'),
(452, 29, '+7 (999) 089-29-71'),
(453, 115, '7 (908) 895-22-70'),
(454, 444, '7 (916) 777-77-77'),
(455, 407, '+7 (920) 105-46-51'),
(456, 445, '7 (912) 748-77-50'),
(457, 446, '7 (922) 412-34-83'),
(458, 447, '7 (977) 529-38-81'),
(459, 448, '7 (902) 162-16-60'),
(460, 449, '7 (926) 981-07-82'),
(461, 450, '7 (921) 337-44-61'),
(462, 451, '7 (920) 211-07-27'),
(463, 67, '+7 (982) 651-40-05'),
(464, 452, '7 (926) 308-83-10'),
(465, 453, '7 (916) 999-68-40'),
(466, 454, '+7 905 859-19-65'),
(467, 455, '+7 950 403-37-13'),
(468, 456, '+7 999 888-77-33'),
(469, 457, '+7 903 223-32-50'),
(470, 458, '+7 925 271-97-44'),
(471, 459, '+7 920 019-63-97'),
(472, 460, '+7 921 333-01-81'),
(473, 461, '+7 963 685-89-08'),
(474, 462, '+7 987 210-62-24'),
(475, 463, '+7 915 268-60-62'),
(476, 464, '+7 916 656-25-22'),
(477, 465, '+7 968 687-20-01'),
(478, 43, '+7 916 174-57-14'),
(479, 466, '+7 903 570-23-26'),
(480, 467, '+7 982 640-84-07'),
(481, 468, '+7 977 846-87-00'),
(482, 469, '+7 920 523-61-53'),
(483, 470, '+7 995 361-77-15'),
(484, 471, '+7 965 312-60-27'),
(485, 472, '+7 916 846-02-48'),
(486, 473, '+7 964 514-99-98'),
(487, 474, '+7 8888888888'),
(488, 475, '+7 926 072-22-47'),
(489, 476, '+7 901 368-76-45'),
(490, 477, '+7 983 237-15-27'),
(491, 478, '+7 909 155-64-86'),
(492, 479, '+7 950 351-17-25'),
(493, 480, '+7 977 928-59-08'),
(494, 481, '+7 985 897-31-81'),
(495, 482, '+7 908 457-23-89'),
(496, 483, '+7 915 279-18-34'),
(497, 484, '+7 917 713-88-93'),
(498, 485, '+7 921 752-02-38'),
(499, 486, '+7 903 674-96-25'),
(500, 487, '+7 966 820-56-05'),
(501, 488, '+7 903 730-00-80'),
(502, 489, '+7 977 385-11-67'),
(503, 19, '+91 234567890'),
(504, 490, '+7 915 722-77-29'),
(505, 29, '+7 915 142-36-20'),
(506, 491, '+7 926 054-65-72'),
(507, 492, '+7 917 954-07-36'),
(508, 493, '+7 495 123-45-67'),
(509, 494, '+7 900 527-13-39'),
(510, 495, '+7 925 256-37-05'),
(511, 496, '+7 985 422-30-89'),
(512, 497, '+7 913 225-42-28'),
(513, 498, '+7 917 550-82-70'),
(514, 499, '+373 696 90 868'),
(515, 53, '+7 908 912-83-60'),
(516, 500, '+7 921 310-88-09'),
(517, 501, '+7 910 491-94-03'),
(518, 502, '+7 921 892-53-42'),
(519, 503, '+7 902 809-25-20'),
(520, 504, '+7 912 974-62-39'),
(521, 357, '+7 912 881-97-50'),
(522, 505, '+7 916 846-08-18'),
(523, 506, '+7 980 361-27-28'),
(524, 507, '+7 919 729-04-01'),
(525, 508, '+7 921 872-38-81'),
(526, 509, '+7 987 463-48-97'),
(527, 510, '+7 981 710-79-29'),
(528, 511, '+7 915 059-78-18'),
(529, 512, '+7 916 537-86-31'),
(530, 58, '7 (927) 771-32-26'),
(531, 332, '+7 (916) 206-62-47'),
(532, 333, '7 (926) 354-88-58'),
(533, 513, '7 (905) 954-67-97'),
(534, 514, '7 (909) 570-25-05'),
(535, 330, '7 (916) 939-05-16'),
(536, 11, '7 (921) 747-92-24'),
(537, 515, '7 (920) 019-63-97'),
(538, 516, '7 (926) 186-82-30'),
(539, 517, '7 (965) 002-83-81'),
(540, 94, '7 (910) 411-76-12'),
(541, 257, '7 (916) 219-11-93'),
(542, 427, '7 (913) 008-04-29'),
(543, 518, '7 (919) 107-70-80'),
(544, 519, '7 (921) 332-94-79'),
(545, 520, '7 (986) 727-63-89'),
(546, 427, '+7 (913) 008-04-29'),
(547, 521, '+7 (913) 775-65-84'),
(548, 476, '+7 (901) 368-76-45- Валентина. +7 (924) 723-28-64 - Лилия'),
(549, 385, '+7 (921) 375-23-22'),
(550, 253, '+7 (964) 584-84-28'),
(551, 100, '+7 (495) 792-01-40'),
(552, 522, '+7 (905) 797-62-65'),
(553, 72, '+7 (925) 029-07-69'),
(554, 523, '7 (921) 599-11-74'),
(555, 115, '+7 (908) 895-22-70'),
(556, 333, '+7 (926) 354-88-58'),
(557, 524, '+7 (906) 742-95-58'),
(558, 525, '+7 (916) 811-63-71'),
(559, 526, '+7 (902) 376-41-56'),
(560, 527, '+7 (903) 715-97-21'),
(561, 50, '7 (981) 716-12-77'),
(562, 528, '7 (916) 394-51-53'),
(563, 68, '7 (980) 316-03-12'),
(564, 71, '7 (987) 303-21-81'),
(565, 529, '7 (982) 704-41-13'),
(566, 197, '7 (903) 678-75-51'),
(567, 530, '+7 (345) 678-76-54'),
(568, 531, '+7 968 536-08-55'),
(569, 532, '+7 911 073-01-22'),
(570, 533, '+7 910 729-78-19'),
(571, 534, '+7 965 933-41-12'),
(572, 535, '+7 985781782'),
(573, 536, '+7 747 629 3141'),
(574, 537, '+7 916 417-26-32'),
(575, 538, '+7 909 010-61-34'),
(576, 539, '+7 999 099-95-33'),
(577, 540, '+7 977 886-34-31'),
(578, 541, '+7 911 249-56-26'),
(579, 542, '+375 29 388-12-88'),
(580, 543, '+7 919 564-83-21'),
(581, 544, '7 (916) 885-88-29'),
(582, 391, '7 (989) 722-94-06'),
(583, 545, '+7 (910) 419-52-26'),
(584, 212, '+7 (964) 700-00-03'),
(585, 97, '+7 (916) 514-42-10'),
(586, 546, '+7 (926) 598-47-92'),
(587, 547, '+7 (952) 183-69-03'),
(588, 30, '+7 (977) 884-03-28'),
(589, 548, '+7 (952) 957-31-40'),
(590, 549, '+7 (916) 974-39-33'),
(591, 47, '+7 (911) 982-72-60'),
(592, 550, '+7 (977) 524-21-63'),
(593, 551, '+7 (910) 121-73-94'),
(594, 552, '+7 (980) 747-11-87'),
(595, 553, '+7 (916) 671-21-07'),
(596, 268, '+7 (926) 822-47-91'),
(597, 55, '+7 (982) 824-60-79'),
(598, 555, '+7 (912) 991-68-89'),
(599, 2, '+7 (969) 011-71-17'),
(600, 268, '+7 (981) 132-38-99'),
(601, 418, '+7 (961) 206-22-26'),
(602, 254, '+7 (910) 475-97-03'),
(603, 556, '+7 (909) 169-99-60'),
(604, 557, '+7 (913) 908-20-28'),
(605, 459, '+7 (950) 606-60-95'),
(606, 558, '7 (960) 052-15-45'),
(607, 559, '7 (983) 123-15-85'),
(608, 522, '7 (905) 797-62-65'),
(609, 14, '7 (905) 752-22-34'),
(610, 341, '7 (921) 778-26-36'),
(611, 561, '7 (985) 453-27-92'),
(612, 562, '60 17-6145-687'),
(613, 564, '7 (915) 027-57-93'),
(614, 565, '7 (926) 393-91-35'),
(615, 566, '7 (965) 213-04-29'),
(616, 37, '7 (906) 956-66-55'),
(617, 422, '7 960 046-66-00'),
(618, 427, '7 913 008-04-29'),
(619, 426, '7 905 539-88-25'),
(620, 227, '7 911 721-95-46'),
(621, 328, '+7 (926) 815-98-19'),
(622, 46, '+7 (916) 950-32-74'),
(623, 569, '7 (916) 965-87-11'),
(624, 570, '7 (909) 874-60-33'),
(625, 571, '+7 (917) 703-35-38'),
(626, 551, '+7 (910) 121-7394'),
(627, 572, '+7 (918) 005 65 80'),
(628, 494, '+7 (900) 527-13-39'),
(629, 573, '+7 (911) 000-53-82'),
(630, 574, '+7 (910) 394-59-07'),
(631, 575, '79 200 025 406'),
(632, 576, '+7 (919) 728-68-04'),
(633, 577, '+7 (989) 828-73-57'),
(634, 578, '+7 (961) 001-89-81'),
(635, 330, '+7 (916) 939-05-16'),
(636, 579, '+7 (921) 332-94-79,'),
(637, 52, '+7 (906) 348-23-24'),
(638, 581, '+7 (909) 319-48-87'),
(639, 217, '79853325125'),
(640, 340, '79637776070'),
(641, 582, '89162415690'),
(642, 586, '7 910 408-25-48'),
(643, 587, '79162191193'),
(644, 38, '7 985 278-01-86'),
(645, 591, '79629690926'),
(646, 592, '79164251323'),
(647, 593, '7 903 501-32-08'),
(648, 30, '7 977 884-03-28'),
(649, 594, '79670084439'),
(650, 595, '79166268549'),
(651, 115, '79088856880'),
(652, 596, '7 937 003-07-06'),
(653, 518, '7 919 107-70-80'),
(654, 597, '7 985 453-27-92'),
(655, 341, '79217782636'),
(656, 598, '79856891166'),
(657, 37, '79069566655'),
(658, 599, '7 (915) 007-51-74'),
(659, 600, '7 (915) 292-18-56'),
(660, 601, '89108609161'),
(661, 330, '7 (916) 939- 05-16'),
(662, 217, '89853325125'),
(663, 602, '89374392492'),
(664, 603, '79213969684'),
(665, 604, '7 910 666 14 11'),
(666, 605, '7 916 386-97-26'),
(667, 606, '79058364248'),
(668, 94, '79104117612'),
(669, 608, '89637776070'),
(670, 268, '79811323899'),
(671, 609, '79165555555'),
(672, 610, '89035176050'),
(673, 611, '89057976265'),
(674, 612, '79652130429'),
(675, 613, '79264841976'),
(676, 614, '79036154026'),
(677, 617, '89256863155'),
(678, 618, '79295311256'),
(679, 619, '+7 930 101 42 72'),
(680, 620, '79881516507'),
(681, 621, '79023572980'),
(682, 621, '7 916 521-26-08'),
(683, 622, '79629197819'),
(684, 338, '79104654978'),
(685, 6, '79262062378'),
(686, 623, '79100915899'),
(687, 624, '79123302344'),
(688, 625, '79607539528'),
(689, 626, '89672027282'),
(690, 627, '79 174 015 644'),
(691, 628, '89168229428'),
(692, 629, '79262176596'),
(693, 630, '79219806673'),
(694, 631, '89526421544'),
(695, 632, '79170631983'),
(696, 633, '79165039384'),
(697, 634, '79127572598'),
(698, 635, '79777554530'),
(699, 636, '79104231126'),
(700, 637, '79 852 296 767'),
(701, 253, '79 645 848 428'),
(702, 36, '79213329479'),
(703, 638, '79 162 415 690'),
(704, 639, '7 916 386 9726'),
(705, 640, '7916776688'),
(706, 359, '79175926888'),
(707, 641, '+7 931 300 09 09'),
(708, 642, '79057976265'),
(709, 643, '79 295 915 510'),
(710, 644, '9067069079'),
(711, 476, '79013687645'),
(712, 619, '89060611383'),
(713, 645, '+7 926 308 74 44'),
(714, 619, '+7 903 202 16 09'),
(715, 646, '89216316622'),
(716, 647, '79157159385'),
(717, 648, '79897229406'),
(718, 470, '89872910255'),
(719, 29, '7 999 089-29-71'),
(720, 186, '+7(929)911-19-42'),
(721, 63, '7 963 314-10-26'),
(722, 57, '89370030706'),
(723, 650, '79104446015'),
(724, 651, '79261868230'),
(725, 36, '7 921 332-94-79'),
(726, 31, '7 916 342-14-46'),
(727, 217, '7 985 332-51-25'),
(728, 6, '7 926 206-23-78');

-- --------------------------------------------------------

--
-- Структура таблицы `clients_telegram`
--

DROP TABLE IF EXISTS `clients_telegram`;
CREATE TABLE IF NOT EXISTS `clients_telegram` (
  `telegram_id` int NOT NULL AUTO_INCREMENT,
  `client_id` int NOT NULL,
  `telegram` varchar(100) NOT NULL,
  PRIMARY KEY (`telegram_id`),
  UNIQUE KEY `telegram` (`telegram`),
  KEY `client_id` (`client_id`)
) ENGINE=InnoDB AUTO_INCREMENT=344 DEFAULT CHARSET=utf8mb4 COLLATE=utf8mb4_0900_ai_ci;

--
-- Дамп данных таблицы `clients_telegram`
--

INSERT INTO `clients_telegram` (`telegram_id`, `client_id`, `telegram`) VALUES
(1, 29, 'RinaZem'),
(2, 3, '@olegabramenko'),
(3, 29, '-'),
(4, 30, '@Oduvan98'),
(5, 31, '@evgeniyashishinova'),
(6, 1, '@Kitaeva_Zhanna'),
(7, 14, '@Siordia Mariam'),
(8, 5, '@ShishkovaEM'),
(9, 12, 'Татьяна Немонова'),
(10, 15, '@Oxana'),
(11, 32, '@AlexandraShults'),
(12, 33, '@Maximuslaw'),
(13, 9, '@NastasyaKir'),
(14, 34, '@Zoryana_Milko'),
(15, 1, 'Kitaeva_Zhanna'),
(16, 35, '@ipleg'),
(17, 12, 'Немонова'),
(18, 36, '@ekapolyakovaIP'),
(19, 31, 'Evgeniya_shishinova'),
(20, 6, 'BZ'),
(21, 37, '@lubchenkonastya'),
(22, 38, '@devilnev'),
(23, 15, 'Oxana'),
(24, 19, '@zzeneck'),
(25, 62, '@law_851'),
(26, 63, 'svetliak'),
(27, 64, '@rudenkovrd'),
(28, 65, 'Jane Raspopova'),
(29, 66, '@Oradionova27'),
(30, 67, '@Usov_Kirill'),
(31, 68, '@Valeriajur'),
(32, 69, '@Alexa3236'),
(33, 70, '@mike1127'),
(34, 35, '@JULIA_IPLEG'),
(35, 71, '@alenionasam'),
(36, 3, 'OlegAbramenko'),
(37, 30, '@Oduvan911'),
(38, 72, '@KamaevaNatasha'),
(39, 73, '@olga_a_malygina'),
(40, 4, '@Natalya1841'),
(41, 74, 'Alexander Navtsenya'),
(42, 75, '@AnastasiaP_S'),
(43, 76, 'Владимир Пизов'),
(44, 77, '@askrib'),
(45, 11, '@ElisavetaDyachkova'),
(46, 78, 'Varvara Alitovskaya'),
(47, 6, '@zalifabaymuratova'),
(48, 29, '@RinaZem'),
(49, 37, 'Lubchenkonastya'),
(50, 235, '@U_LAV'),
(51, 35, '@Julie K'),
(52, 19, '@да не знаю я'),
(53, 5, '@Евгения Ш'),
(54, 11, 'Dyachkovalisa'),
(55, 241, '@T_Naysikras'),
(56, 247, '@BerlovKD'),
(57, 31, '@evgeniyashishinova (кажется ??'),
(58, 248, '@nataliyaa_nik'),
(59, 249, 'Che_Oskero'),
(60, 123, '@bpsandra'),
(61, 53, 'Нет'),
(62, 217, '@Lizaliza19'),
(63, 220, 'Мария дроздова'),
(64, 250, '@lem0n_grass'),
(65, 251, 'elenaburiak'),
(66, 252, 'AlyonaChe1'),
(67, 253, '@jerry_sawyer'),
(68, 31, '@evgeniya_shishinova'),
(69, 254, '@arzamazova_elen'),
(70, 253, 'jerry_sawyer'),
(71, 52, '@Anna_Melnikova_lawyer'),
(72, 94, '@LaNS'),
(73, 47, '@gamyra'),
(74, 6, 'Zalifabaymuratova'),
(75, 12, 'nemonova'),
(76, 322, '@skvortsova_legal'),
(77, 323, '@Jen_neta'),
(78, 324, 'Irina@Feolaand'),
(79, 325, 'LoValeriia'),
(80, 326, '@HattoriHanzo1i'),
(81, 327, '89220041006'),
(82, 328, 'Skazo4naja'),
(83, 329, 'NatRass'),
(84, 330, '@IrrnMann'),
(85, 331, '@IlyanaL'),
(86, 19, '@не помню, лень смотреть'),
(87, 332, '@anna.dubrovina'),
(88, 333, '+79263548858'),
(89, 334, '@dmitry_terentyev'),
(90, 184, 'Valentina_iva'),
(91, 335, '@annadzaseeva'),
(92, 310, '@alexandrahozeeva'),
(93, 336, '@amanakov'),
(94, 65, '@Jane Raspopova'),
(95, 337, '@EVLoskutova'),
(96, 338, '@deubav'),
(97, 339, '@gleb_sitnikov'),
(98, 192, '@russualeksa'),
(99, 186, '@ma9sh'),
(100, 340, '@sonnya_88'),
(101, 63, 'svetliak07'),
(102, 341, '@ppolya'),
(103, 227, '@dmineeva_jurist'),
(104, 342, '@Tretyakova_Olesya'),
(105, 343, '@Maryasowa_darya'),
(106, 31, 'Evgeniya_shishinova (надеюсь не ошиблась)'),
(107, 358, '@ katterina_laa'),
(108, 333, 'Elena K'),
(109, 208, 'AnnaKrapiva1'),
(110, 174, '@ESGoskov'),
(111, 358, '@katterina_laa'),
(112, 189, '@D_Pershenkova'),
(113, 359, '@maria_porokhnya'),
(114, 360, 'Lena_polevaya'),
(115, 14, '@Mariam Siordia'),
(116, 239, '@Valeriya2324'),
(117, 437, '@Niker26'),
(118, 440, '@DianaPlak'),
(119, 453, 'bunina_diana'),
(120, 454, '@kant99'),
(121, 81, '@LidiaSubbotina'),
(122, 60, '@лариса'),
(123, 455, '@Lilia_Borovikova'),
(124, 456, '@ghost'),
(125, 457, '@DarinaRaichenko'),
(126, 458, '@IrinaZemkina'),
(127, 112, '@daria_krakhmaleva'),
(128, 459, '@V_Jula'),
(129, 460, '@KatikDementeva'),
(130, 461, '@Elena_Zyabko'),
(131, 208, '@AnnaKrapiva1'),
(132, 462, '@Aalsouu'),
(133, 463, 'ias89152686062'),
(134, 99, '@ip_marich'),
(135, 120, '@marbykova'),
(136, 464, 'Irina Roslova'),
(137, 465, '@aliya'),
(138, 43, '@Incorrie'),
(139, 349, '@t_bakhareva'),
(140, 466, '@Anna_Kindeeva'),
(141, 467, '@mashayus'),
(142, 468, '@elenaborulyova'),
(143, 469, 'Julia_Benko'),
(144, 86, '@victoriastlp'),
(145, 470, 'annarum5'),
(146, 471, 'SanoGrig'),
(147, 472, 'Elena'),
(148, 87, 'Irina'),
(149, 473, 'Rimma'),
(150, 222, '@gulnazhu'),
(151, 474, '@bmalaw'),
(152, 475, '@urrazum'),
(153, 476, '@Valentina_Berezina'),
(154, 477, 'sofisilaeva'),
(155, 333, 'Ek'),
(156, 478, '@annpolozovaa'),
(157, 306, '@ann_shakhbazyan'),
(158, 98, '@Hacker_in_Law'),
(159, 479, '@slesarevam'),
(160, 480, '@pink_petroleum'),
(161, 481, 'Tsugumo_Hanshiro'),
(162, 482, '@ils_rr'),
(163, 57, '@AnnaKazan14'),
(164, 483, '@example'),
(165, 484, '@kryazheva_elena'),
(166, 15, 'StyfanovaO'),
(167, 485, '@Vasilek_Alisa'),
(168, 486, 'Avarinus'),
(169, 26, '@OlgaMarIP'),
(170, 487, '@macracin'),
(171, 212, '@tatadvokat'),
(172, 488, '@maximtab29'),
(173, 489, '@milbern'),
(174, 490, '@ulyana_tsil'),
(175, 491, '@lilitri'),
(176, 97, '@Schwarzana'),
(177, 44, '@tfimt'),
(178, 492, 'Анастасия'),
(179, 493, '@ffghhj'),
(180, 494, '@bushkovets'),
(181, 495, 'https://t.me/Ulysses_at_law'),
(182, 496, 'astepina'),
(183, 497, '@tatyana_podarki'),
(184, 498, '@Irinagusikhina'),
(185, 499, 'Svetlana'),
(186, 500, 'Хз'),
(187, 375, '@LeraBelitz'),
(188, 268, '@A_in_red'),
(189, 501, 'Ольга Мурзина'),
(190, 502, '@katerina_nesh'),
(191, 503, 'Евгений Владимирович'),
(192, 480, 'pink_petroleum'),
(193, 58, 'Светлана'),
(194, 504, 'Алексей'),
(195, 357, 'Наталья'),
(196, 11, '@dyachkovalisa'),
(197, 505, '@stebaev'),
(198, 227, '@digoshina_jurist'),
(199, 470, '@annarum5'),
(200, 506, '@loginovatania'),
(201, 507, '@anastasiia_2121'),
(202, 304, '@IlyuzaMakhianova'),
(203, 508, '@ks_surkova'),
(204, 363, '@kvigata'),
(205, 509, '@borges'),
(206, 510, '@kndrtvv'),
(207, 511, 'aronikom'),
(208, 417, '@katy_s_str'),
(209, 512, '@_____'),
(210, 332, ' @dubrovina_anna'),
(211, 427, '@Inna_Tarbastaeva'),
(212, 521, '@Sveta_IP_trademarks'),
(213, 476, '@antttlilia - Лилия'),
(214, 332, '@dubrovina_anna'),
(215, 385, '@annakir2105 (по номеру)'),
(216, 100, '@NuHotEtotNickNeZanyat'),
(217, 522, '@aelizavetas (по номеру)'),
(218, 72, '@KamaevaNatasha (по номеру)'),
(219, 523, '@ekaterina_iplaw (по номеру)'),
(220, 115, '@yumaguzhina_lawyer'),
(221, 333, 'Elena K (по номеру, ника нет)'),
(222, 524, '@kateIvanova_25'),
(223, 525, 'SuperNova0703'),
(224, 527, '@jenjannie'),
(225, 472, '@Elena'),
(226, 531, '+7 968 536 0855'),
(227, 499, '@Svetlana'),
(228, 18, '@ASmolenskii'),
(229, 532, '@Natalia_Kap_0'),
(230, 533, '@Juliya_Berestneva'),
(231, 65, 'JaneRaspopova'),
(232, 534, 'ivangennadievich86'),
(233, 535, '@marie_uno'),
(234, 122, '@ivan_khaydurov'),
(235, 536, '@aibiliv_aikenflaev'),
(236, 537, '@kateskop'),
(237, 538, '@kkazgova'),
(238, 34, 'Zoryana_milko'),
(239, 539, '@Shermet_Kurbanov'),
(240, 427, '@inna-tarbastaeva'),
(241, 230, '@K_horeva_Olga'),
(242, 42, '@Gratant'),
(243, 239, 'Абракадабра'),
(244, 540, '@gradiusalisik'),
(245, 541, '@Go_Odie'),
(246, 542, '@halinaskabkarova'),
(247, 492, 'Юрист IP'),
(248, 543, 'Александр Павлович'),
(249, 391, 'AnastasiaSurkovaRnD'),
(250, 547, '@Olya_yozhka'),
(251, 548, '@a3140'),
(252, 549, '@natkhalilova'),
(253, 47, '@akornik'),
(254, 551, '@VasilevaAnnaA'),
(255, 552, '@agni_den'),
(256, 553, 'Odi_Nika'),
(257, 268, 'Anna'),
(258, 55, '@AraslanovaJuliya'),
(259, 555, 'Елена Лабарешных'),
(260, 2, 'iamnoli'),
(261, 418, 'anastasiia_vp'),
(262, 254, 'arzamazova_elen'),
(263, 556, 'Yana'),
(264, 557, '@matveichuk13'),
(265, 459, 'V_Jula'),
(266, 561, 'albinasibirskikh'),
(267, 518, '@Schinova_Katerina'),
(268, 562, 'catherine_konik'),
(269, 564, '@MatveyBerestov'),
(270, 46, '@sapronova_A'),
(271, 569, '@eightvil'),
(272, 570, '@hypnostallev'),
(273, 571, '@efremovaalisavladimirovna'),
(274, 572, '@ivelevit'),
(275, 575, '@angelina_pro_law'),
(276, 576, '@Aleksandr_Sp1'),
(277, 577, '@GlamourEggs'),
(278, 579, '@ekapolyakovaIP.'),
(279, 582, 'D_Pershenkova'),
(280, 583, '@miu_ma'),
(281, 584, '@azzzatt'),
(282, 585, '@kozhukharova'),
(283, 6, '@BayZali'),
(284, 587, '@olinkis'),
(285, 588, '@elenshumakova'),
(286, 589, '@ktzv_i'),
(287, 590, '@VictoriiaTSIG'),
(288, 436, 'по номеру есть тг Без ника'),
(289, 279, '@khayrov'),
(290, 591, '@StyfanovaO'),
(291, 593, '@JuliaBorodko'),
(292, 594, '@YuliaKaynova'),
(293, 595, '@iuliia8'),
(294, 597, '@albina_iplawyer'),
(295, 598, '@catherine_konik'),
(296, 599, 'Kulakova_Marina'),
(297, 564, 'MatveyBerestov'),
(298, 601, 'DudinaMaria'),
(299, 587, 'olinkis'),
(300, 602, '@pon_daria'),
(301, 603, '@Tiran4ikk'),
(302, 604, '@ds_agni'),
(303, 605, 'annadzaseeva'),
(304, 606, 'elenshumakova'),
(305, 607, '@NikulinAlexandr'),
(306, 608, 'Sonnya_88'),
(307, 609, 'Olivia787'),
(308, 610, 'M15_07'),
(309, 611, '@aelizavetas'),
(310, 612, 'Natalia Smirnova'),
(311, 613, 'themarianna'),
(312, 617, '@tikhom1r'),
(313, 618, 'Artlaius'),
(314, 619, 'написала на почту'),
(315, 620, '@cherpak_m'),
(316, 621, 'по номеру'),
(317, 622, 'mashalarina13'),
(318, 623, '@dazinga'),
(319, 624, '@YanaS111'),
(320, 625, '@laragee'),
(321, 626, '@Verarkh'),
(322, 627, '@myp0479'),
(323, 628, '@diannash1'),
(324, 629, '@VictoriaOlhova'),
(325, 633, 'Mary_tii'),
(326, 634, '@nds'),
(327, 637, '@ASenkev'),
(328, 640, '@olgaiplawyer'),
(329, 641, 'https://t.me/ks_surkova'),
(330, 642, 'Aelizavetas'),
(331, 644, '@NataliaEvdokushina'),
(332, 645, 'по номеру тг'),
(333, 646, 'JaneRaspopovа'),
(334, 647, '@anastasiyaipjurist'),
(335, 648, 'https://t.me/AnastasiaSurkovaRnD'),
(336, 649, '@ivdz20'),
(337, 650, 'KateShem76'),
(338, 628, '@diannashsh'),
(339, 651, '@Tatiana AIS'),
(340, 251, '@elena6uryak'),
(341, 170, '@VoronkovaGanna'),
(342, 115, 'нет тг'),
(343, 352, '@julia_chi');

-- --------------------------------------------------------

--
-- Структура таблицы `loadlog`
--

DROP TABLE IF EXISTS `loadlog`;
CREATE TABLE IF NOT EXISTS `loadlog` (
  `id` int NOT NULL AUTO_INCREMENT,
  `loadlog_date` datetime DEFAULT CURRENT_TIMESTAMP,
  `loadlog_text` text,
  PRIMARY KEY (`id`)
) ENGINE=MyISAM AUTO_INCREMENT=9 DEFAULT CHARSET=utf8mb4 COLLATE=utf8mb4_0900_ai_ci;

--
-- Дамп данных таблицы `loadlog`
--

INSERT INTO `loadlog` (`id`, `loadlog_date`, `loadlog_text`) VALUES
(1, '2025-08-29 23:52:07', 'Найдено несколько записей с клиентов с реквизитами: Фамилия: Шульц Имя: Александра Отчество: Николаевна Почта: alexandra@shultslegal.ru Телефон: +7 999 096-31-51 Телеграм: '),
(2, '2025-08-29 23:52:07', 'Проведена дедубликация. Текущую запись объединили с записью ID: <32>'),
(3, '2025-08-29 23:52:14', 'Найдено несколько записей с клиентов с реквизитами: Фамилия:  Имя: Екатерина Отчество:  Почта: niklen2@rambler.ru Телефон: +7 916 800-11-48 Телеграм: нет'),
(4, '2025-08-29 23:52:14', 'Проведена дедубликация. Текущую запись объединили с записью ID: <53>'),
(5, '2025-08-29 23:52:16', 'Найдено несколько записей с клиентов с реквизитами: Фамилия: Коннова Имя: Анна Отчество:  Почта: cool200488@mail.ru Телефон: +7 (981) 132-38-99 Телеграм: Anna'),
(6, '2025-08-29 23:52:16', 'Проведена дедубликация. Текущую запись объединили с записью ID: <268>'),
(7, '2025-08-29 23:53:27', 'Найдено несколько записей с клиентов с реквизитами: Фамилия: Юмагужина Имя: Дина Отчество: amber111_88@mail.ru Почта:  Телефон: +7 908 895-22-70 Телеграм: нет тг'),
(8, '2025-08-29 23:53:27', 'Проведена дедубликация. Текущую запись объединили с записью ID: <115>');

-- --------------------------------------------------------

--
-- Структура таблицы `orders`
--

DROP TABLE IF EXISTS `orders`;
CREATE TABLE IF NOT EXISTS `orders` (
  `id` int NOT NULL AUTO_INCREMENT,
  `order_id` int NOT NULL,
  `client_id` int NOT NULL,
  `order_status` varchar(225) CHARACTER SET utf8mb4 COLLATE utf8mb4_0900_ai_ci NOT NULL,
  `order_description` varchar(255) NOT NULL,
  `row_creation_time` datetime NOT NULL,
  `operator_id` int NOT NULL,
  PRIMARY KEY (`id`),
  KEY `order_id` (`order_id`),
  KEY `client_id` (`client_id`),
  KEY `operator_id` (`operator_id`)
) ENGINE=InnoDB AUTO_INCREMENT=20 DEFAULT CHARSET=utf8mb4 COLLATE=utf8mb4_0900_ai_ci;

--
-- Дамп данных таблицы `orders`
--

INSERT INTO `orders` (`id`, `order_id`, `client_id`, `order_status`, `order_description`, `row_creation_time`, `operator_id`) VALUES
(1, 1, 9, 'Новый', 'Это первый заказ ', '2025-06-16 17:45:45', 10),
(3, 1, 9, 'Новый', 'Это первая корректировка первого заказа ', '2025-06-16 17:45:45', 10),
(4, 2, 9, 'Новый', 'Это второй заказ', '2025-06-16 17:45:45', 10),
(5, 2, 9, 'Новый', 'Это первая корректировка второго заказа', '2025-06-16 17:45:45', 10),
(6, 1, 9, 'Новый', 'Это вторая корректировка первого заказа ', '2025-06-16 17:45:45', 10),
(7, 1, 9, '1', '1', '0000-00-00 00:00:00', 10),
(8, 1, 9, '', '', '0000-00-00 00:00:00', 10),
(9, 1, 9, 'ww', 'ww', '0000-00-00 00:00:00', 10),
(10, 1, 9, 'wqw', 'qqw', '2025-06-23 01:59:56', 10),
(11, 1, 9, 'Дело выигр', 'Дело выиграли, но с этим клиентом больше работать не будем! Ну очень тяжелый клиент! Капризный и жадный.', '2025-06-23 02:03:28', 8),
(12, 1, 9, 'Дело выиграно.', 'Дело выиграли, но с этим клиентом больше работать не будем! Ну очень тяжелый клиент! Капризный и жадный.', '2025-06-23 02:09:36', 8),
(13, 2, 9, 'Выиграно', 'Дело выиграли, но с этим клиентом больше работать не будем! Ну очень тяжелый клиент! Капризный и жадный.', '2025-06-23 02:19:35', 8),
(14, 1, 9, 'werwere', 'rewrwerwewq', '2025-06-23 10:19:57', 10),
(15, 1, 9, '', '', '2025-07-09 16:52:36', 10),
(16, 2, 9, '123', '123', '2025-07-09 17:55:44', 8),
(17, 1, 9, 'dasdasdasdsadas', 'dasdasdasdasdas', '2025-07-09 17:56:00', 8),
(18, 1, 9, 'Заказ выполнен', 'Да выполнен, точно', '2025-07-11 20:00:22', 10),
(19, 1, 9, 'Заказ выполнен', 'Заказ выполнен, но это не точно!!!', '2025-07-19 01:46:44', 10);

-- --------------------------------------------------------

--
-- Структура таблицы `products`
--

DROP TABLE IF EXISTS `products`;
CREATE TABLE IF NOT EXISTS `products` (
  `product_id` int NOT NULL AUTO_INCREMENT,
  `product_name` varchar(256) NOT NULL,
  PRIMARY KEY (`product_id`),
  UNIQUE KEY `idx_product_name` (`product_name`(250)) USING BTREE
) ENGINE=InnoDB AUTO_INCREMENT=87 DEFAULT CHARSET=utf8mb4 COLLATE=utf8mb4_0900_ai_ci;

--
-- Дамп данных таблицы `products`
--

INSERT INTO `products` (`product_id`, `product_name`) VALUES
(1, 'IP Family играем в настолки 18.06.2023'),
(2, 'Pro IP-ужин служебные творения'),
(3, 'IP Family Играем в мафию 19.01.2024'),
(4, 'IP Family Играем в мафию 21.01.2025'),
(5, 'IP Family корпоратив 07.12-08.12.2024'),
(6, 'IP Profi служебные объекты 18.03.2023'),
(7, 'IP Strim 12.12.2024'),
(8, 'IP встреча в Питере 17.08.2025'),
(9, 'IP пикник 22.07.2025'),
(10, 'IP практики'),
(11, 'IP стрим 03.07.2025'),
(12, 'IP стрим хочу знать 26.06.2023'),
(13, 'IP-стрим Отвечаю на ваши вопросы 15.12.2023'),
(14, 'IP-ужин защита части предупреждения'),
(15, 'IP-ужин Ранжирование IP-рисков 09.08.2023'),
(16, 'Onlain-дискуссия  защита части произведения 29.03.2023'),
(17, 'ПАЗИС 4.0 (Только лекции)'),
(18, 'Pro IP интенсив'),
(19, 'Pro IP корпоратив 9.12.2023-10.12.2023'),
(20, 'PRO IP корпоратив Казань'),
(21, 'Pro IP ужин Взыскание компенсации 27.09.2023'),
(22, 'Pro IP- ужин предновогодняя встреча 14.12.2022'),
(23, 'Pro IP ужин Судебные расходы 15.11.2023'),
(24, 'Pro IP ужин чек-лист по договорной работе 27.08.2024'),
(25, 'Pro IP-корпоратив 3-4 декабря'),
(26, 'Pro IP-ланч итоги и перспективы 20.12.2022'),
(27, 'Pro IP-ланч товарные знаки 27.10.2022'),
(28, 'Pro IP-ужин 08.02.2023'),
(29, 'Pro IP-ужин onlain-курс'),
(30, 'Pro Ipужин вечер лайфхаков 05.04.2023'),
(31, 'Без продукта'),
(32, 'Введение в разработку: создаём терминологическую базу'),
(33, 'Защита бренда компании'),
(34, 'Использование сторонних компонентов в программном обеспечении'),
(35, 'Конференция создавая вместе 28.09.2024'),
(36, 'Курс Патенты для юристов'),
(37, 'ПАЗИС 4.0 (Полный доступ)'),
(38, 'Летний корпоратив 27.06.-29.06.2025'),
(39, 'Мастер-класс IP аудит'),
(40, 'Незащищаемое. Множественность защиты. Соправообладание IP'),
(41, 'Онлайн встреча Служебные объекты IS 31.01.2024'),
(42, 'Онлайн дискуссия новый закон о компенсации'),
(43, 'Охрана ПО. Реестры'),
(44, 'ПАЗИС 1.0 (Полный доступ)'),
(45, 'ПАЗИС 1.0 (Только лекции)'),
(46, 'ПАЗИС 2.0 (Полный доступ)'),
(47, 'ПАЗИС 3.0 (Полный доступ)'),
(48, 'ПАЗИС 3.0 (Только лекции)'),
(49, 'ПАЗИС 2.0 (Только лекции)'),
(50, 'Патентное право'),
(51, 'Патенты в системе ИС'),
(52, 'Правовые аспекты создания ПО'),
(53, 'Правовые аспекты создания программного обеспечения'),
(54, 'Проверка ТЗ'),
(55, 'Разбираем конкретные составы по НДК (ст. 14.2, 14.5, 14.6) (НДК)'),
(56, 'Разбор кейса подарки оптом 22.01.25'),
(57, 'Разбор обзора'),
(58, 'Разбор обзора ВС'),
(59, 'Различительная способность ТЗ'),
(60, 'Разработка ПО'),
(61, 'Распоряжение правами на объекты ИС'),
(62, 'Распоряжение правами на ПО. Судебная защита'),
(63, 'Служебные творения'),
(64, 'Создаешь защищай. Проект года 2025'),
(65, 'Способы защиты IP активов'),
(66, 'Способы охраны программного обеспечения'),
(67, 'Судебная защита'),
(68, 'Чек-лист договоры'),
(69, 'ПЗПО 1'),
(70, 'ПАЗИС 1'),
(71, 'НЕ ОПРЕДЕЛЁН'),
(72, 'ПАЗИС 5.0 (Полный доступ)'),
(73, 'ПАЗИС 5.0 (Только лекции)'),
(74, 'ПАЗИС 6.0 (Полный доступ)'),
(75, 'ПАЗИС 6.0 (Только лекции)'),
(76, 'ПЗПО 1.0 (Полный доступ)'),
(77, 'ПЗПО 1.0 (Только лекции)'),
(78, 'ПЗПО 2.0 (Полный доступ)'),
(79, 'ПЗПО 2.0 (Только лекции)'),
(80, 'НДК 1.0 (Полный доступ)'),
(81, 'НДК 1.0 (Только лекции)'),
(82, 'ПДЮ 1.0 (Полный доступ)'),
(83, 'ПДЮ 1.0 (Только лекции)'),
(84, 'ПДЮ 2.0 (Полный доступ)'),
(85, 'ПДЮ 2.0 (Только лекции)'),
(86, 'Аудит ИС 1.0');

-- --------------------------------------------------------

--
-- Структура таблицы `sales`
--

DROP TABLE IF EXISTS `sales`;
CREATE TABLE IF NOT EXISTS `sales` (
  `id` int NOT NULL AUTO_INCREMENT,
  `client_id` int NOT NULL,
  `product_id` int NOT NULL,
  `sale_date` date NOT NULL DEFAULT '1977-02-04',
  `product_comment` text NOT NULL,
  `sale_status_id` int NOT NULL,
  PRIMARY KEY (`id`),
  KEY `idx_client_id` (`client_id`),
  KEY `idx_product_id` (`product_id`),
  KEY `sales_status_id` (`sale_status_id`)
) ENGINE=InnoDB AUTO_INCREMENT=1169 DEFAULT CHARSET=utf8mb4 COLLATE=utf8mb4_0900_ai_ci;

--
-- Дамп данных таблицы `sales`
--

INSERT INTO `sales` (`id`, `client_id`, `product_id`, `sale_date`, `product_comment`, `sale_status_id`) VALUES
(1, 1, 1, '1977-02-04', '', 1),
(2, 2, 1, '1977-02-04', '', 1),
(3, 3, 1, '1977-02-04', '', 1),
(4, 4, 1, '1977-02-04', '', 1),
(5, 5, 1, '1977-02-04', '', 1),
(6, 6, 1, '1977-02-04', '', 1),
(7, 7, 1, '1977-02-04', '', 1),
(8, 8, 1, '1977-02-04', '', 1),
(9, 9, 1, '1977-02-04', '', 1),
(10, 10, 1, '1977-02-04', '', 1),
(11, 11, 1, '1977-02-04', '', 1),
(12, 12, 1, '1977-02-04', '', 1),
(13, 13, 1, '1977-02-04', '', 1),
(14, 14, 1, '1977-02-04', '', 1),
(15, 15, 1, '1977-02-04', '', 1),
(16, 16, 2, '1977-02-04', '', 1),
(17, 17, 2, '1977-02-04', '', 1),
(18, 18, 2, '1977-02-04', '', 1),
(19, 19, 2, '1977-02-04', '', 1),
(20, 20, 2, '1977-02-04', '', 1),
(21, 7, 2, '1977-02-04', '', 1),
(22, 21, 2, '1977-02-04', '', 1),
(23, 22, 2, '1977-02-04', '', 1),
(24, 23, 2, '1977-02-04', '', 1),
(25, 24, 2, '1977-02-04', '', 1),
(26, 25, 2, '1977-02-04', '', 1),
(27, 26, 2, '1977-02-04', '', 1),
(28, 27, 2, '1977-02-04', '', 1),
(29, 28, 2, '1977-02-04', '', 1),
(30, 29, 3, '1977-02-04', '', 1),
(31, 3, 3, '1977-02-04', '', 1),
(32, 30, 3, '1977-02-04', '', 1),
(33, 31, 3, '1977-02-04', '', 1),
(34, 1, 3, '1977-02-04', '', 1),
(35, 14, 3, '1977-02-04', '', 1),
(36, 5, 3, '1977-02-04', '', 1),
(37, 12, 3, '1977-02-04', '', 1),
(38, 15, 3, '1977-02-04', '', 1),
(39, 32, 3, '1977-02-04', '', 1),
(40, 33, 3, '1977-02-04', '', 1),
(41, 9, 3, '1977-02-04', '', 1),
(42, 34, 3, '1977-02-04', '', 1),
(43, 1, 4, '1977-02-04', '', 1),
(44, 30, 4, '1977-02-04', '', 1),
(45, 35, 4, '1977-02-04', '', 1),
(46, 5, 4, '1977-02-04', '', 1),
(47, 3, 4, '1977-02-04', '', 1),
(48, 32, 4, '1977-02-04', '', 1),
(49, 12, 5, '1977-02-04', '', 1),
(50, 36, 5, '1977-02-04', '', 1),
(51, 31, 5, '1977-02-04', '', 1),
(52, 35, 5, '1977-02-04', '', 1),
(53, 6, 5, '1977-02-04', '', 1),
(54, 37, 5, '1977-02-04', '', 1),
(55, 38, 5, '1977-02-04', '', 1),
(56, 5, 5, '1977-02-04', '', 1),
(57, 15, 5, '1977-02-04', '', 1),
(58, 19, 5, '1977-02-04', '', 1),
(59, 10, 6, '1977-02-04', '', 1),
(60, 18, 6, '1977-02-04', '', 1),
(61, 12, 6, '1977-02-04', '', 1),
(62, 38, 6, '1977-02-04', '', 1),
(63, 24, 6, '1977-02-04', '', 1),
(64, 39, 6, '1977-02-04', '', 1),
(65, 40, 6, '1977-02-04', '', 1),
(66, 41, 6, '1977-02-04', '', 1),
(67, 31, 6, '1977-02-04', '', 1),
(68, 42, 7, '1977-02-04', '', 3),
(69, 43, 7, '1977-02-04', '', 3),
(70, 44, 7, '1977-02-04', '', 3),
(71, 45, 7, '1977-02-04', '', 3),
(72, 46, 7, '1977-02-04', '', 3),
(73, 47, 7, '1977-02-04', '', 3),
(74, 48, 7, '1977-02-04', '', 3),
(75, 49, 7, '1977-02-04', '', 3),
(76, 50, 7, '1977-02-04', '', 3),
(77, 51, 7, '1977-02-04', '', 3),
(78, 52, 7, '1977-02-04', '', 3),
(79, 53, 7, '1977-02-04', '', 3),
(80, 30, 7, '1977-02-04', '', 3),
(81, 54, 7, '1977-02-04', '', 3),
(82, 55, 7, '1977-02-04', '', 3),
(83, 56, 7, '1977-02-04', '', 3),
(84, 57, 7, '1977-02-04', '', 3),
(85, 58, 7, '1977-02-04', '', 3),
(86, 59, 7, '1977-02-04', '', 3),
(87, 60, 7, '1977-02-04', '', 3),
(88, 61, 7, '1977-02-04', '', 3),
(89, 62, 8, '1977-02-04', '', 1),
(90, 63, 8, '1977-02-04', '', 1),
(91, 36, 8, '1977-02-04', '', 1),
(92, 64, 8, '1977-02-04', '', 1),
(93, 65, 8, '1977-02-04', '', 1),
(94, 66, 8, '1977-02-04', '', 1),
(95, 67, 8, '1977-02-04', '', 1),
(96, 68, 8, '1977-02-04', '', 1),
(97, 69, 8, '1977-02-04', '', 1),
(98, 70, 8, '1977-02-04', '', 1),
(99, 35, 9, '1977-02-04', '', 1),
(100, 71, 9, '1977-02-04', '', 1),
(101, 3, 9, '1977-02-04', '', 1),
(102, 1, 9, '1977-02-04', '', 1),
(103, 30, 9, '1977-02-04', '', 1),
(104, 72, 9, '1977-02-04', '', 1),
(105, 73, 9, '1977-02-04', '', 1),
(106, 4, 9, '1977-02-04', '', 1),
(107, 12, 9, '1977-02-04', '', 1),
(108, 74, 9, '1977-02-04', '', 1),
(109, 75, 9, '1977-02-04', '', 1),
(110, 76, 9, '1977-02-04', '', 1),
(111, 77, 9, '1977-02-04', '', 1),
(112, 31, 9, '1977-02-04', '', 1),
(113, 32, 9, '1977-02-04', '', 1),
(114, 11, 9, '1977-02-04', '', 1),
(115, 78, 9, '1977-02-04', '', 1),
(116, 79, 10, '1977-02-04', '', 1),
(117, 73, 11, '1977-02-04', '', 3),
(118, 53, 11, '1977-02-04', '', 3),
(119, 81, 11, '1977-02-04', '', 3),
(120, 82, 11, '1977-02-04', '', 3),
(121, 83, 11, '1977-02-04', '', 3),
(122, 84, 11, '1977-02-04', '', 3),
(123, 85, 11, '1977-02-04', '', 3),
(124, 86, 11, '1977-02-04', '', 3),
(125, 87, 11, '1977-02-04', '', 3),
(126, 88, 11, '1977-02-04', '', 3),
(127, 89, 11, '1977-02-04', '', 3),
(128, 90, 11, '1977-02-04', '', 3),
(129, 60, 11, '1977-02-04', '', 3),
(130, 14, 11, '1977-02-04', '', 3),
(131, 30, 11, '1977-02-04', '', 3),
(132, 91, 11, '1977-02-04', '', 3),
(133, 92, 11, '1977-02-04', '', 3),
(134, 93, 11, '1977-02-04', '', 3),
(135, 94, 11, '1977-02-04', '', 3),
(136, 44, 11, '1977-02-04', '', 3),
(137, 95, 11, '1977-02-04', '', 3),
(138, 96, 11, '1977-02-04', '', 3),
(139, 97, 11, '1977-02-04', '', 3),
(140, 98, 11, '1977-02-04', '', 3),
(141, 99, 11, '1977-02-04', '', 3),
(142, 100, 11, '1977-02-04', '', 3),
(143, 101, 11, '1977-02-04', '', 3),
(144, 102, 11, '1977-02-04', '', 3),
(145, 103, 11, '1977-02-04', '', 3),
(146, 104, 12, '1977-02-04', '', 3),
(147, 105, 12, '1977-02-04', '', 3),
(148, 19, 12, '1977-02-04', '', 3),
(149, 106, 12, '1977-02-04', '', 3),
(150, 52, 12, '1977-02-04', '', 3),
(151, 107, 12, '1977-02-04', '', 3),
(152, 32, 12, '1977-02-04', '', 3),
(153, 109, 12, '1977-02-04', '', 3),
(154, 110, 12, '1977-02-04', '', 3),
(155, 111, 12, '1977-02-04', '', 3),
(156, 112, 12, '1977-02-04', '', 3),
(157, 113, 12, '1977-02-04', '', 3),
(158, 114, 12, '1977-02-04', '', 3),
(159, 115, 12, '1977-02-04', '', 3),
(160, 116, 12, '1977-02-04', '', 3),
(161, 117, 12, '1977-02-04', '', 3),
(162, 118, 12, '1977-02-04', '', 3),
(163, 119, 12, '1977-02-04', '', 3),
(164, 120, 12, '1977-02-04', '', 3),
(165, 63, 12, '1977-02-04', '', 3),
(166, 121, 12, '1977-02-04', '', 3),
(167, 122, 12, '1977-02-04', '', 3),
(168, 123, 12, '1977-02-04', '', 3),
(169, 124, 12, '1977-02-04', '', 3),
(170, 12, 12, '1977-02-04', '', 3),
(171, 1, 12, '1977-02-04', '', 3),
(172, 125, 12, '1977-02-04', '', 3),
(173, 126, 12, '1977-02-04', '', 3),
(174, 69, 12, '1977-02-04', '', 3),
(175, 127, 12, '1977-02-04', '', 3),
(176, 128, 12, '1977-02-04', '', 3),
(177, 129, 12, '1977-02-04', '', 3),
(178, 130, 12, '1977-02-04', '', 3),
(179, 58, 12, '1977-02-04', '', 3),
(180, 131, 12, '1977-02-04', '', 3),
(181, 7, 12, '1977-02-04', '', 3),
(182, 132, 12, '1977-02-04', '', 3),
(183, 3, 12, '1977-02-04', '', 3),
(184, 133, 12, '1977-02-04', '', 3),
(185, 134, 12, '1977-02-04', '', 3),
(186, 135, 12, '1977-02-04', '', 3),
(187, 136, 12, '1977-02-04', '', 3),
(188, 137, 12, '1977-02-04', '', 3),
(189, 138, 12, '1977-02-04', '', 3),
(190, 139, 12, '1977-02-04', '', 3),
(191, 140, 12, '1977-02-04', '', 3),
(192, 141, 12, '1977-02-04', '', 3),
(193, 142, 12, '1977-02-04', '', 3),
(194, 143, 12, '1977-02-04', '', 3),
(195, 144, 12, '1977-02-04', '', 3),
(196, 145, 12, '1977-02-04', '', 3),
(197, 29, 12, '1977-02-04', '', 3),
(198, 146, 12, '1977-02-04', '', 3),
(199, 147, 12, '1977-02-04', '', 3),
(200, 148, 12, '1977-02-04', '', 3),
(201, 149, 12, '1977-02-04', '', 3),
(202, 150, 12, '1977-02-04', '', 3),
(203, 151, 12, '1977-02-04', '', 3),
(204, 152, 12, '1977-02-04', '', 3),
(205, 153, 12, '1977-02-04', '', 3),
(206, 154, 12, '1977-02-04', '', 3),
(207, 155, 12, '1977-02-04', '', 3),
(208, 156, 12, '1977-02-04', '', 3),
(209, 157, 12, '1977-02-04', '', 3),
(210, 158, 12, '1977-02-04', '', 3),
(211, 159, 12, '1977-02-04', '', 3),
(212, 160, 12, '1977-02-04', '', 3),
(213, 161, 12, '1977-02-04', '', 3),
(214, 162, 12, '1977-02-04', '', 3),
(215, 163, 12, '1977-02-04', '', 3),
(216, 164, 12, '1977-02-04', '', 3),
(217, 165, 12, '1977-02-04', '', 3),
(218, 166, 12, '1977-02-04', '', 3),
(219, 167, 12, '1977-02-04', '', 3),
(220, 168, 12, '1977-02-04', '', 3),
(221, 169, 12, '1977-02-04', '', 3),
(222, 170, 12, '1977-02-04', '', 3),
(223, 171, 12, '1977-02-04', '', 3),
(224, 172, 12, '1977-02-04', '', 3),
(225, 173, 12, '1977-02-04', '', 3),
(226, 8, 12, '1977-02-04', '', 3),
(227, 174, 12, '1977-02-04', '', 3),
(228, 175, 12, '1977-02-04', '', 3),
(229, 176, 12, '1977-02-04', '', 3),
(230, 177, 12, '1977-02-04', '', 3),
(231, 35, 12, '1977-02-04', '', 3),
(232, 178, 12, '1977-02-04', '', 3),
(233, 36, 12, '1977-02-04', '', 3),
(234, 94, 12, '1977-02-04', '', 3),
(235, 179, 12, '1977-02-04', '', 3),
(236, 180, 12, '1977-02-04', '', 3),
(237, 181, 12, '1977-02-04', '', 3),
(238, 182, 12, '1977-02-04', '', 3),
(239, 18, 12, '1977-02-04', '', 3),
(240, 183, 12, '1977-02-04', '', 3),
(241, 184, 12, '1977-02-04', '', 3),
(242, 185, 12, '1977-02-04', '', 3),
(243, 186, 12, '1977-02-04', '', 3),
(244, 187, 12, '1977-02-04', '', 3),
(245, 188, 12, '1977-02-04', '', 3),
(246, 189, 12, '1977-02-04', '', 3),
(247, 190, 12, '1977-02-04', '', 3),
(248, 191, 12, '1977-02-04', '', 3),
(249, 192, 12, '1977-02-04', '', 3),
(250, 193, 12, '1977-02-04', '', 3),
(251, 194, 12, '1977-02-04', '', 3),
(252, 195, 12, '1977-02-04', '', 3),
(253, 196, 12, '1977-02-04', '', 3),
(254, 197, 12, '1977-02-04', '', 3),
(255, 11, 12, '1977-02-04', '', 3),
(256, 198, 12, '1977-02-04', '', 3),
(257, 199, 12, '1977-02-04', '', 3),
(258, 200, 12, '1977-02-04', '', 3),
(259, 201, 12, '1977-02-04', '', 3),
(260, 202, 12, '1977-02-04', '', 3),
(261, 120, 13, '1977-02-04', '', 3),
(262, 203, 13, '1977-02-04', '', 3),
(263, 14, 13, '1977-02-04', '', 3),
(264, 58, 13, '1977-02-04', '', 3),
(265, 33, 13, '1977-02-04', '', 3),
(266, 125, 13, '1977-02-04', '', 3),
(267, 204, 13, '1977-02-04', '', 3),
(268, 205, 13, '1977-02-04', '', 3),
(269, 206, 13, '1977-02-04', '', 3),
(270, 207, 13, '1977-02-04', '', 3),
(271, 60, 13, '1977-02-04', '', 3),
(272, 208, 13, '1977-02-04', '', 3),
(273, 3, 14, '1977-02-04', '', 1),
(274, 209, 14, '1977-02-04', '', 1),
(275, 210, 14, '1977-02-04', '', 1),
(276, 18, 14, '1977-02-04', '', 1),
(277, 211, 14, '1977-02-04', '', 1),
(278, 212, 14, '1977-02-04', '', 1),
(279, 213, 14, '1977-02-04', '', 1),
(280, 214, 14, '1977-02-04', '', 1),
(281, 215, 14, '1977-02-04', '', 1),
(282, 19, 14, '1977-02-04', '', 1),
(283, 31, 14, '1977-02-04', '', 1),
(284, 37, 14, '1977-02-04', '', 1),
(285, 216, 14, '1977-02-04', '', 1),
(286, 5, 14, '1977-02-04', '', 1),
(287, 8, 14, '1977-02-04', '', 1),
(288, 4, 14, '1977-02-04', '', 1),
(289, 5, 15, '1977-02-04', '', 1),
(290, 211, 15, '1977-02-04', '', 1),
(291, 37, 15, '1977-02-04', '', 1),
(292, 31, 15, '1977-02-04', '', 1),
(293, 11, 15, '1977-02-04', '', 1),
(294, 3, 15, '1977-02-04', '', 1),
(295, 217, 15, '1977-02-04', '', 1),
(296, 6, 15, '1977-02-04', '', 1),
(297, 29, 15, '1977-02-04', '', 1),
(298, 218, 15, '1977-02-04', '', 1),
(299, 14, 15, '1977-02-04', '', 1),
(300, 148, 16, '1977-02-04', '', 3),
(301, 219, 16, '1977-02-04', '', 3),
(302, 220, 16, '1977-02-04', '', 3),
(303, 211, 16, '1977-02-04', '', 3),
(304, 19, 16, '1977-02-04', '', 3),
(305, 32, 16, '1977-02-04', '', 3),
(306, 221, 16, '1977-02-04', '', 3),
(307, 222, 16, '1977-02-04', '', 3),
(308, 223, 16, '1977-02-04', '', 3),
(309, 120, 16, '1977-02-04', '', 3),
(310, 39, 16, '1977-02-04', '', 3),
(311, 224, 16, '1977-02-04', '', 3),
(312, 225, 16, '1977-02-04', '', 3),
(313, 117, 16, '1977-02-04', '', 3),
(314, 226, 16, '1977-02-04', '', 3),
(315, 227, 17, '1977-02-04', '', 5),
(316, 227, 16, '1977-02-04', '', 3),
(317, 112, 16, '1977-02-04', '', 3),
(318, 161, 16, '1977-02-04', '', 3),
(319, 38, 16, '1977-02-04', '', 3),
(320, 228, 16, '1977-02-04', '', 3),
(321, 229, 16, '1977-02-04', '', 3),
(322, 41, 16, '1977-02-04', '', 3),
(323, 3, 16, '1977-02-04', '', 3),
(324, 230, 16, '1977-02-04', '', 3),
(325, 6, 16, '1977-02-04', '', 3),
(326, 5, 16, '1977-02-04', '', 3),
(327, 10, 16, '1977-02-04', '', 3),
(328, 7, 16, '1977-02-04', '', 3),
(329, 65, 16, '1977-02-04', '', 3),
(330, 231, 16, '1977-02-04', '', 3),
(331, 126, 16, '1977-02-04', '', 3),
(332, 232, 16, '1977-02-04', '', 3),
(333, 233, 16, '1977-02-04', '', 3),
(334, 115, 16, '1977-02-04', '', 3),
(335, 18, 18, '1977-02-04', '', 1),
(336, 6, 18, '1977-02-04', '', 1),
(337, 234, 18, '1977-02-04', '', 1),
(338, 6, 19, '1977-02-04', '', 1),
(339, 31, 19, '1977-02-04', '', 1),
(340, 5, 19, '1977-02-04', '', 1),
(341, 29, 19, '1977-02-04', '', 1),
(342, 37, 19, '1977-02-04', '', 1),
(343, 235, 19, '1977-02-04', '', 1),
(344, 12, 19, '1977-02-04', '', 1),
(345, 35, 19, '1977-02-04', '', 1),
(346, 1, 20, '1977-02-04', '', 1),
(347, 12, 20, '1977-02-04', '', 1),
(348, 236, 20, '1977-02-04', '', 1),
(349, 237, 20, '1977-02-04', '', 1),
(350, 5, 20, '1977-02-04', '', 1),
(351, 31, 20, '1977-02-04', '', 1),
(352, 10, 20, '1977-02-04', '', 1),
(353, 238, 20, '1977-02-04', '', 1),
(354, 239, 20, '1977-02-04', '', 1),
(355, 37, 20, '1977-02-04', '', 1),
(356, 240, 20, '1977-02-04', '', 1),
(357, 6, 20, '1977-02-04', '', 1),
(358, 19, 21, '1977-02-04', '', 1),
(359, 31, 21, '1977-02-04', '', 1),
(360, 29, 21, '1977-02-04', '', 1),
(361, 37, 21, '1977-02-04', '', 1),
(362, 5, 21, '1977-02-04', '', 1),
(363, 11, 21, '1977-02-04', '', 1),
(364, 241, 21, '1977-02-04', '', 1),
(365, 242, 22, '1977-02-04', '', 1),
(366, 2, 22, '1977-02-04', '', 1),
(367, 235, 22, '1977-02-04', '', 1),
(368, 3, 22, '1977-02-04', '', 1),
(369, 8, 22, '1977-02-04', '', 1),
(370, 243, 22, '1977-02-04', '', 1),
(371, 37, 22, '1977-02-04', '', 1),
(372, 217, 22, '1977-02-04', '', 1),
(373, 10, 22, '1977-02-04', '', 1),
(374, 11, 22, '1977-02-04', '', 1),
(375, 18, 22, '1977-02-04', '', 1),
(376, 29, 22, '1977-02-04', '', 1),
(377, 244, 22, '1977-02-04', '', 1),
(378, 6, 22, '1977-02-04', '', 1),
(379, 4, 22, '1977-02-04', '', 1),
(380, 245, 22, '1977-02-04', '', 1),
(381, 246, 22, '1977-02-04', '', 1),
(382, 31, 22, '1977-02-04', '', 1),
(383, 29, 23, '1977-02-04', '', 1),
(384, 3, 23, '1977-02-04', '', 1),
(385, 19, 23, '1977-02-04', '', 1),
(386, 247, 23, '1977-02-04', '', 1),
(387, 31, 23, '1977-02-04', '', 1),
(388, 248, 23, '1977-02-04', '', 1),
(389, 249, 23, '1977-02-04', '', 1),
(390, 123, 23, '1977-02-04', '', 1),
(391, 53, 24, '1977-02-04', '', 1),
(392, 217, 24, '1977-02-04', '', 1),
(393, 220, 24, '1977-02-04', '', 1),
(394, 3, 24, '1977-02-04', '', 1),
(395, 250, 24, '1977-02-04', '', 1),
(396, 4, 24, '1977-02-04', '', 1),
(397, 5, 24, '1977-02-04', '', 1),
(398, 251, 24, '1977-02-04', '', 1),
(399, 235, 24, '1977-02-04', '', 1),
(400, 252, 24, '1977-02-04', '', 1),
(401, 11, 24, '1977-02-04', '', 1),
(402, 253, 24, '1977-02-04', '', 1),
(403, 34, 24, '1977-02-04', '', 1),
(404, 31, 24, '1977-02-04', '', 1),
(405, 254, 24, '1977-02-04', '', 1),
(406, 255, 25, '1977-02-04', '', 1),
(407, 7, 25, '1977-02-04', '', 1),
(408, 256, 25, '1977-02-04', '', 1),
(409, 28, 25, '1977-02-04', '', 1),
(410, 35, 25, '1977-02-04', '', 1),
(411, 212, 25, '1977-02-04', '', 1),
(412, 1, 25, '1977-02-04', '', 1),
(413, 219, 25, '1977-02-04', '', 1),
(414, 257, 25, '1977-02-04', '', 1),
(415, 3, 25, '1977-02-04', '', 1),
(416, 2, 25, '1977-02-04', '', 1),
(417, 113, 25, '1977-02-04', '', 1),
(418, 235, 25, '1977-02-04', '', 1),
(419, 25, 25, '1977-02-04', '', 1),
(420, 239, 26, '1977-02-04', '', 3),
(421, 174, 26, '1977-02-04', '', 3),
(422, 224, 26, '1977-02-04', '', 3),
(423, 219, 26, '1977-02-04', '', 3),
(424, 258, 26, '1977-02-04', '', 3),
(425, 31, 26, '1977-02-04', '', 3),
(426, 259, 26, '1977-02-04', '', 3),
(427, 260, 26, '1977-02-04', '', 3),
(428, 119, 26, '1977-02-04', '', 3),
(429, 261, 26, '1977-02-04', '', 3),
(430, 182, 26, '1977-02-04', '', 3),
(431, 8, 26, '1977-02-04', '', 3),
(432, 262, 26, '1977-02-04', '', 3),
(433, 26, 26, '1977-02-04', '', 3),
(434, 120, 26, '1977-02-04', '', 3),
(435, 263, 26, '1977-02-04', '', 3),
(436, 189, 26, '1977-02-04', '', 3),
(437, 211, 26, '1977-02-04', '', 3),
(438, 183, 26, '1977-02-04', '', 3),
(439, 264, 26, '1977-02-04', '', 3),
(440, 265, 26, '1977-02-04', '', 3),
(441, 221, 26, '1977-02-04', '', 3),
(442, 4, 26, '1977-02-04', '', 3),
(443, 25, 26, '1977-02-04', '', 3),
(444, 266, 26, '1977-02-04', '', 3),
(445, 267, 26, '1977-02-04', '', 3),
(446, 268, 26, '1977-02-04', '', 3),
(447, 19, 26, '1977-02-04', '', 3),
(448, 32, 26, '1977-02-04', '', 3),
(449, 269, 26, '1977-02-04', '', 3),
(450, 18, 26, '1977-02-04', '', 3),
(451, 270, 26, '1977-02-04', '', 3),
(452, 271, 26, '1977-02-04', '', 3),
(453, 161, 26, '1977-02-04', '', 3),
(454, 54, 26, '1977-02-04', '', 3),
(455, 272, 26, '1977-02-04', '', 3),
(456, 159, 26, '1977-02-04', '', 3),
(457, 146, 26, '1977-02-04', '', 3),
(458, 273, 26, '1977-02-04', '', 3),
(459, 274, 26, '1977-02-04', '', 3),
(460, 275, 26, '1977-02-04', '', 3),
(461, 175, 26, '1977-02-04', '', 3),
(462, 276, 26, '1977-02-04', '', 3),
(463, 277, 26, '1977-02-04', '', 3),
(464, 278, 26, '1977-02-04', '', 3),
(465, 10, 26, '1977-02-04', '', 3),
(466, 279, 26, '1977-02-04', '', 3),
(467, 280, 26, '1977-02-04', '', 3),
(468, 281, 26, '1977-02-04', '', 3),
(469, 282, 26, '1977-02-04', '', 3),
(470, 283, 26, '1977-02-04', '', 3),
(471, 126, 26, '1977-02-04', '', 3),
(472, 170, 26, '1977-02-04', '', 3),
(473, 135, 26, '1977-02-04', '', 3),
(474, 284, 26, '1977-02-04', '', 3),
(475, 107, 26, '1977-02-04', '', 3),
(476, 285, 26, '1977-02-04', '', 3),
(477, 286, 26, '1977-02-04', '', 3),
(478, 287, 26, '1977-02-04', '', 3),
(479, 157, 26, '1977-02-04', '', 3),
(480, 288, 26, '1977-02-04', '', 3),
(481, 289, 26, '1977-02-04', '', 3),
(482, 290, 26, '1977-02-04', '', 3),
(483, 291, 26, '1977-02-04', '', 3),
(484, 117, 26, '1977-02-04', '', 3),
(485, 73, 26, '1977-02-04', '', 3),
(486, 14, 26, '1977-02-04', '', 3),
(487, 34, 26, '1977-02-04', '', 3),
(488, 292, 26, '1977-02-04', '', 3),
(489, 293, 26, '1977-02-04', '', 3),
(490, 294, 26, '1977-02-04', '', 3),
(491, 5, 26, '1977-02-04', '', 3),
(492, 295, 26, '1977-02-04', '', 3),
(493, 296, 26, '1977-02-04', '', 3),
(494, 297, 27, '1977-02-04', '', 1),
(495, 298, 27, '1977-02-04', '', 1),
(496, 274, 27, '1977-02-04', '', 1),
(497, 3, 27, '1977-02-04', '', 1),
(498, 299, 27, '1977-02-04', '', 1),
(499, 113, 27, '1977-02-04', '', 1),
(500, 19, 27, '1977-02-04', '', 1),
(501, 300, 27, '1977-02-04', '', 1),
(502, 2, 27, '1977-02-04', '', 1),
(503, 65, 27, '1977-02-04', '', 1),
(504, 301, 27, '1977-02-04', '', 1),
(505, 35, 27, '1977-02-04', '', 1),
(506, 120, 27, '1977-02-04', '', 1),
(507, 295, 27, '1977-02-04', '', 1),
(508, 34, 27, '1977-02-04', '', 1),
(509, 122, 27, '1977-02-04', '', 1),
(510, 276, 27, '1977-02-04', '', 1),
(511, 133, 27, '1977-02-04', '', 1),
(512, 302, 27, '1977-02-04', '', 1),
(513, 303, 27, '1977-02-04', '', 1),
(514, 304, 27, '1977-02-04', '', 1),
(515, 232, 27, '1977-02-04', '', 1),
(516, 305, 27, '1977-02-04', '', 1),
(517, 151, 27, '1977-02-04', '', 1),
(518, 3, 28, '1977-02-04', '', 1),
(519, 7, 28, '1977-02-04', '', 1),
(520, 37, 28, '1977-02-04', '', 1),
(521, 1, 28, '1977-02-04', '', 1),
(522, 11, 28, '1977-02-04', '', 1),
(523, 29, 28, '1977-02-04', '', 1),
(524, 38, 28, '1977-02-04', '', 1),
(525, 4, 28, '1977-02-04', '', 1),
(526, 211, 28, '1977-02-04', '', 1),
(527, 8, 28, '1977-02-04', '', 1),
(528, 5, 28, '1977-02-04', '', 1),
(529, 306, 28, '1977-02-04', '', 1),
(530, 31, 28, '1977-02-04', '', 1),
(531, 307, 28, '1977-02-04', '', 1),
(532, 18, 29, '1977-02-04', '', 1),
(533, 215, 29, '1977-02-04', '', 1),
(534, 1, 29, '1977-02-04', '', 1),
(535, 308, 29, '1977-02-04', '', 1),
(536, 3, 29, '1977-02-04', '', 1),
(537, 8, 29, '1977-02-04', '', 1),
(538, 309, 29, '1977-02-04', '', 1),
(539, 6, 29, '1977-02-04', '', 1),
(540, 310, 29, '1977-02-04', '', 1),
(541, 2, 29, '1977-02-04', '', 1),
(542, 10, 29, '1977-02-04', '', 1),
(543, 311, 29, '1977-02-04', '', 1),
(544, 312, 29, '1977-02-04', '', 1),
(545, 21, 29, '1977-02-04', '', 1),
(546, 5, 29, '1977-02-04', '', 1),
(547, 41, 30, '1977-02-04', '', 1),
(548, 3, 30, '1977-02-04', '', 1),
(549, 6, 30, '1977-02-04', '', 1),
(550, 5, 30, '1977-02-04', '', 1),
(551, 10, 30, '1977-02-04', '', 1),
(552, 11, 30, '1977-02-04', '', 1),
(553, 24, 30, '1977-02-04', '', 1),
(554, 40, 30, '1977-02-04', '', 1),
(555, 71, 31, '1977-02-04', '', 1),
(556, 251, 31, '1977-02-04', '', 1),
(557, 313, 32, '1977-02-04', '', 2),
(558, 314, 32, '1977-02-04', '', 2),
(559, 315, 32, '1977-02-04', '', 2),
(560, 316, 32, '1977-02-04', '', 2),
(561, 317, 33, '1977-02-04', '', 2),
(562, 318, 34, '1977-02-04', '', 2),
(563, 78, 34, '1977-02-04', '', 2),
(564, 319, 34, '1977-02-04', '', 2),
(565, 320, 34, '1977-02-04', '', 2),
(566, 316, 34, '1977-02-04', '', 2),
(567, 321, 34, '1977-02-04', '', 2),
(568, 253, 35, '1977-02-04', '', 1),
(569, 36, 35, '1977-02-04', '', 1),
(570, 52, 35, '1977-02-04', '', 1),
(571, 94, 35, '1977-02-04', '', 1),
(572, 37, 35, '1977-02-04', '', 1),
(573, 47, 35, '1977-02-04', '', 1),
(574, 3, 35, '1977-02-04', '', 1),
(575, 6, 35, '1977-02-04', '', 1),
(576, 12, 35, '1977-02-04', '', 1),
(577, 322, 35, '1977-02-04', '', 1),
(578, 323, 35, '1977-02-04', '', 1),
(579, 324, 35, '1977-02-04', '', 1),
(580, 325, 35, '1977-02-04', '', 1),
(581, 326, 35, '1977-02-04', '', 1),
(582, 220, 35, '1977-02-04', '', 1),
(583, 327, 35, '1977-02-04', '', 1),
(584, 328, 35, '1977-02-04', '', 1),
(585, 329, 35, '1977-02-04', '', 1),
(586, 330, 35, '1977-02-04', '', 1),
(587, 331, 35, '1977-02-04', '', 1),
(588, 19, 35, '1977-02-04', '', 1),
(589, 332, 35, '1977-02-04', '', 1),
(590, 333, 35, '1977-02-04', '', 1),
(591, 334, 35, '1977-02-04', '', 1),
(592, 184, 35, '1977-02-04', '', 1),
(593, 335, 35, '1977-02-04', '', 1),
(594, 310, 35, '1977-02-04', '', 1),
(595, 336, 35, '1977-02-04', '', 1),
(596, 65, 35, '1977-02-04', '', 1),
(597, 337, 35, '1977-02-04', '', 1),
(598, 338, 36, '1977-02-04', '', 1),
(599, 36, 36, '1977-02-04', '', 1),
(600, 339, 36, '1977-02-04', '', 1),
(601, 192, 36, '1977-02-04', '', 1),
(602, 186, 36, '1977-02-04', '', 1),
(603, 340, 36, '1977-02-04', '', 1),
(604, 30, 36, '1977-02-04', '', 1),
(605, 63, 36, '1977-02-04', '', 1),
(606, 341, 37, '1977-02-04', '', 2),
(607, 36, 38, '1977-02-04', '', 1),
(608, 37, 38, '1977-02-04', '', 1),
(609, 31, 38, '1977-02-04', '', 1),
(610, 5, 38, '1977-02-04', '', 1),
(611, 12, 38, '1977-02-04', '', 1),
(612, 38, 38, '1977-02-04', '', 1),
(613, 71, 38, '1977-02-04', '', 1),
(614, 342, 38, '1977-02-04', '', 1),
(615, 253, 38, '1977-02-04', '', 1),
(616, 343, 38, '1977-02-04', '', 1),
(617, 174, 39, '1977-02-04', 'Мероприятия не было', 1),
(618, 115, 39, '1977-02-04', 'Мероприятия не было. Мероприятия не было', 1),
(619, 29, 39, '1977-02-04', 'Мероприятия не было', 1),
(620, 6, 39, '1977-02-04', 'Мероприятия не было', 1),
(621, 36, 39, '1977-02-04', 'Мероприятия не было', 1),
(622, 344, 39, '1977-02-04', 'Мероприятия не было', 1),
(623, 345, 39, '1977-02-04', 'Мероприятия не было', 1),
(624, 346, 39, '1977-02-04', 'Мероприятия не было', 1),
(625, 115, 39, '1977-02-04', 'Мероприятия не было', 1),
(626, 348, 39, '1977-02-04', 'Мероприятия не было', 1),
(627, 170, 39, '1977-02-04', 'Мероприятия не было', 1),
(628, 349, 39, '1977-02-04', 'Мероприятия не было', 1),
(629, 350, 39, '1977-02-04', 'Мероприятия не было', 1),
(630, 15, 39, '1977-02-04', 'Мероприятия не было', 1),
(631, 351, 39, '1977-02-04', 'Мероприятия не было', 1),
(632, 217, 39, '1977-02-04', 'Мероприятия не было', 1),
(633, 352, 39, '1977-02-04', 'Мероприятия не было', 1),
(634, 251, 39, '1977-02-04', 'Мероприятия не было', 1),
(635, 353, 39, '1977-02-04', 'Мероприятия не было', 1),
(636, 354, 39, '1977-02-04', 'Мероприятия не было', 1),
(637, 31, 39, '1977-02-04', 'Мероприятия не было', 1),
(638, 5, 39, '1977-02-04', 'Мероприятия не было', 1),
(639, 355, 39, '1977-02-04', 'Мероприятия не было', 1),
(640, 223, 39, '1977-02-04', 'Мероприятия не было. Мероприятия не было', 1),
(641, 30, 39, '1977-02-04', 'Мероприятия не было. Мероприятия не было', 1),
(642, 356, 39, '1977-02-04', 'Мероприятия не было', 1),
(643, 357, 40, '1977-02-04', '', 2),
(644, 37, 41, '1977-02-04', '', 2),
(645, 36, 41, '1977-02-04', '', 2),
(646, 31, 41, '1977-02-04', '', 2),
(647, 358, 41, '1977-02-04', '', 2),
(648, 333, 41, '1977-02-04', '', 2),
(649, 208, 41, '1977-02-04', '', 2),
(650, 174, 41, '1977-02-04', '', 2),
(651, 189, 41, '1977-02-04', '', 2),
(652, 359, 41, '1977-02-04', '', 2),
(653, 15, 41, '1977-02-04', '', 2),
(654, 360, 41, '1977-02-04', '', 2),
(655, 12, 41, '1977-02-04', '', 2),
(656, 186, 41, '1977-02-04', '', 2),
(657, 14, 41, '1977-02-04', '', 2),
(658, 34, 41, '1977-02-04', '', 2),
(659, 239, 41, '1977-02-04', '', 2),
(660, 335, 41, '1977-02-04', '', 2),
(661, 361, 42, '1977-02-04', '', 3),
(662, 362, 42, '1977-02-04', '', 3),
(663, 99, 42, '1977-02-04', '', 3),
(664, 120, 42, '1977-02-04', '', 3),
(665, 329, 42, '1977-02-04', '', 3),
(666, 363, 42, '1977-02-04', '', 3),
(667, 364, 42, '1977-02-04', '', 3),
(668, 365, 42, '1977-02-04', '', 3),
(669, 343, 42, '1977-02-04', '', 3),
(670, 366, 42, '1977-02-04', '', 3),
(671, 367, 42, '1977-02-04', '', 3),
(672, 368, 42, '1977-02-04', '', 3),
(673, 88, 42, '1977-02-04', '', 3),
(674, 369, 42, '1977-02-04', '', 3),
(675, 211, 42, '1977-02-04', '', 3),
(676, 14, 42, '1977-02-04', '', 3),
(677, 370, 42, '1977-02-04', '', 3),
(678, 73, 42, '1977-02-04', '', 3),
(679, 371, 42, '1977-02-04', '', 3),
(680, 372, 42, '1977-02-04', '', 3),
(681, 373, 42, '1977-02-04', '', 3),
(682, 374, 42, '1977-02-04', '', 3),
(683, 375, 42, '1977-02-04', '', 3),
(684, 376, 42, '1977-02-04', '', 3),
(685, 377, 42, '1977-02-04', '', 3),
(686, 57, 42, '1977-02-04', '', 3),
(687, 378, 42, '1977-02-04', '', 3),
(688, 379, 42, '1977-02-04', '', 3),
(689, 380, 42, '1977-02-04', '', 3),
(690, 381, 42, '1977-02-04', '', 3),
(691, 382, 42, '1977-02-04', '', 3),
(692, 383, 42, '1977-02-04', '', 3),
(693, 384, 42, '1977-02-04', '', 3),
(694, 44, 42, '1977-02-04', '', 3),
(695, 339, 42, '1977-02-04', '', 3),
(696, 67, 42, '1977-02-04', '', 3),
(697, 82, 42, '1977-02-04', '', 3),
(698, 385, 42, '1977-02-04', '', 3),
(699, 386, 42, '1977-02-04', '', 3),
(700, 387, 42, '1977-02-04', '', 3),
(701, 388, 42, '1977-02-04', '', 3),
(702, 389, 42, '1977-02-04', '', 3),
(703, 390, 42, '1977-02-04', '', 3),
(704, 97, 42, '1977-02-04', '', 3),
(705, 391, 42, '1977-02-04', '', 3),
(706, 323, 42, '1977-02-04', '', 3),
(707, 392, 42, '1977-02-04', '', 3),
(708, 393, 42, '1977-02-04', '', 3),
(709, 85, 42, '1977-02-04', '', 3),
(710, 394, 42, '1977-02-04', '', 3),
(711, 395, 42, '1977-02-04', '', 3),
(712, 396, 42, '1977-02-04', '', 3),
(713, 397, 42, '1977-02-04', '', 3),
(714, 100, 42, '1977-02-04', '', 3),
(715, 398, 42, '1977-02-04', '', 3),
(716, 399, 42, '1977-02-04', '', 3),
(717, 333, 42, '1977-02-04', '', 3),
(718, 400, 42, '1977-02-04', '', 3),
(719, 192, 42, '1977-02-04', '', 3),
(720, 401, 42, '1977-02-04', '', 3),
(721, 402, 42, '1977-02-04', '', 3),
(722, 19, 42, '1977-02-04', '', 3),
(723, 403, 42, '1977-02-04', '', 3),
(724, 404, 42, '1977-02-04', '', 3),
(725, 405, 42, '1977-02-04', '', 3),
(726, 406, 42, '1977-02-04', '', 3),
(727, 53, 42, '1977-02-04', '', 3),
(728, 407, 42, '1977-02-04', '', 3),
(729, 408, 42, '1977-02-04', '', 3),
(730, 1, 42, '1977-02-04', '', 3),
(731, 409, 42, '1977-02-04', '', 3),
(732, 410, 42, '1977-02-04', '', 3),
(733, 411, 42, '1977-02-04', '', 3),
(734, 412, 42, '1977-02-04', '', 3),
(735, 87, 42, '1977-02-04', '', 3),
(736, 45, 42, '1977-02-04', '', 3),
(737, 413, 42, '1977-02-04', '', 3),
(738, 414, 42, '1977-02-04', '', 3),
(739, 415, 42, '1977-02-04', '', 3),
(740, 60, 42, '1977-02-04', '', 3),
(741, 416, 42, '1977-02-04', '', 3),
(742, 243, 42, '1977-02-04', '', 3),
(743, 417, 42, '1977-02-04', '', 3),
(744, 418, 42, '1977-02-04', '', 3),
(745, 419, 43, '1977-02-04', '', 2),
(746, 3, 44, '1977-02-04', '', 1),
(747, 420, 44, '1977-02-04', '', 1),
(748, 217, 44, '1977-02-04', '', 2),
(749, 159, 44, '1977-02-04', '', 1),
(750, 277, 44, '1977-02-04', '', 1),
(751, 421, 45, '1977-02-04', '', 1),
(752, 230, 44, '1977-02-04', '', 1),
(753, 340, 44, '1977-02-04', '', 2),
(754, 422, 44, '1977-02-04', '', 1),
(755, 423, 44, '1977-02-04', '', 1),
(756, 424, 44, '1977-02-04', '', 1),
(757, 138, 44, '1977-02-04', '', 1),
(758, 208, 44, '1977-02-04', '', 1),
(759, 174, 45, '1977-02-04', '', 1),
(760, 425, 45, '1977-02-04', '', 1),
(761, 113, 45, '1977-02-04', '', 1),
(762, 257, 46, '1977-02-04', '', 1),
(763, 38, 46, '1977-02-04', '', 2),
(764, 426, 46, '1977-02-04', '', 1),
(765, 427, 46, '1977-02-04', '', 1),
(766, 428, 46, '1977-02-04', '', 1),
(767, 94, 46, '1977-02-04', '', 1),
(768, 356, 46, '1977-02-04', '', 1),
(769, 175, 47, '1977-02-04', '', 1),
(770, 429, 47, '1977-02-04', '', 1),
(771, 69, 47, '1977-02-04', '', 1),
(772, 430, 48, '1977-02-04', '', 1),
(773, 115, 47, '1977-02-04', '', 2),
(774, 431, 47, '1977-02-04', '', 1),
(775, 432, 47, '1977-02-04', '', 1),
(776, 394, 47, '1977-02-04', '', 1),
(777, 433, 47, '1977-02-04', '', 1),
(778, 30, 47, '1977-02-04', '', 2),
(779, 434, 47, '1977-02-04', '', 1),
(780, 435, 47, '1977-02-04', '', 1),
(781, 57, 48, '1977-02-04', '', 1),
(782, 436, 49, '1977-02-04', '', 2),
(783, 279, 49, '1977-02-04', '', 2),
(784, 186, 50, '1977-02-04', '', 2),
(785, 437, 50, '1977-02-04', '', 2),
(786, 36, 50, '1977-02-04', '', 2),
(787, 438, 50, '1977-02-04', '', 2),
(788, 439, 50, '1977-02-04', '', 2),
(789, 343, 50, '1977-02-04', '', 2),
(790, 440, 50, '1977-02-04', '', 2),
(791, 87, 50, '1977-02-04', '', 2),
(792, 317, 51, '1977-02-04', '', 2),
(793, 441, 52, '1977-02-04', '', 2),
(794, 442, 53, '1977-02-04', '', 2),
(795, 315, 53, '1977-02-04', '', 2),
(796, 443, 53, '1977-02-04', '', 2),
(797, 316, 53, '1977-02-04', '', 2),
(798, 321, 53, '1977-02-04', '', 2),
(799, 29, 54, '1977-02-04', '', 2),
(800, 115, 54, '1977-02-04', '', 2),
(801, 444, 54, '1977-02-04', '', 2),
(802, 407, 54, '1977-02-04', '', 2),
(803, 445, 54, '1977-02-04', '', 2),
(804, 446, 54, '1977-02-04', '', 2),
(805, 447, 54, '1977-02-04', '', 2),
(806, 448, 54, '1977-02-04', '', 2),
(807, 449, 54, '1977-02-04', '', 2),
(808, 450, 54, '1977-02-04', '', 2),
(809, 451, 54, '1977-02-04', '', 2),
(810, 67, 54, '1977-02-04', '', 2),
(811, 452, 55, '1977-02-04', '', 2),
(812, 453, 55, '1977-02-04', '', 2),
(813, 454, 56, '1977-02-04', '', 3),
(814, 81, 56, '1977-02-04', '', 3),
(815, 60, 56, '1977-02-04', '', 3),
(816, 455, 56, '1977-02-04', '', 3),
(817, 456, 56, '1977-02-04', '', 3),
(818, 65, 56, '1977-02-04', '', 3),
(819, 457, 56, '1977-02-04', '', 3),
(820, 458, 56, '1977-02-04', '', 3),
(821, 112, 56, '1977-02-04', '', 3),
(822, 459, 56, '1977-02-04', '', 3),
(823, 460, 56, '1977-02-04', '', 3),
(824, 461, 56, '1977-02-04', '', 3),
(825, 208, 56, '1977-02-04', '', 3),
(826, 462, 56, '1977-02-04', '', 3),
(827, 463, 56, '1977-02-04', '', 3),
(828, 30, 56, '1977-02-04', '', 3),
(829, 99, 56, '1977-02-04', '', 3),
(830, 120, 56, '1977-02-04', '', 3),
(831, 464, 56, '1977-02-04', '', 3),
(832, 465, 56, '1977-02-04', '', 3),
(833, 43, 56, '1977-02-04', '', 3),
(834, 349, 56, '1977-02-04', '', 3),
(835, 466, 56, '1977-02-04', '', 3),
(836, 467, 56, '1977-02-04', '', 3),
(837, 5, 56, '1977-02-04', '', 3),
(838, 468, 56, '1977-02-04', '', 3),
(839, 469, 56, '1977-02-04', '', 3),
(840, 86, 56, '1977-02-04', '', 3),
(841, 470, 56, '1977-02-04', '', 3),
(842, 471, 56, '1977-02-04', '', 3),
(843, 472, 56, '1977-02-04', '', 3),
(844, 14, 56, '1977-02-04', '', 3),
(845, 87, 56, '1977-02-04', '', 3),
(846, 473, 56, '1977-02-04', '', 3),
(847, 222, 56, '1977-02-04', '', 3),
(848, 474, 56, '1977-02-04', '', 3),
(849, 475, 56, '1977-02-04', '', 3),
(850, 36, 56, '1977-02-04', '', 3),
(851, 31, 56, '1977-02-04', '', 3),
(852, 78, 56, '1977-02-04', '', 3),
(853, 476, 56, '1977-02-04', '', 3),
(854, 35, 56, '1977-02-04', '', 3),
(855, 477, 56, '1977-02-04', '', 3),
(856, 333, 56, '1977-02-04', '', 3),
(857, 53, 56, '1977-02-04', '', 3),
(858, 478, 56, '1977-02-04', '', 3),
(859, 306, 56, '1977-02-04', '', 3),
(860, 98, 56, '1977-02-04', '', 3),
(861, 479, 56, '1977-02-04', '', 3),
(862, 480, 56, '1977-02-04', '', 3),
(863, 481, 56, '1977-02-04', '', 3),
(864, 482, 56, '1977-02-04', '', 3),
(865, 57, 56, '1977-02-04', '', 3),
(866, 483, 56, '1977-02-04', '', 3),
(867, 484, 56, '1977-02-04', '', 3),
(868, 15, 56, '1977-02-04', '', 3),
(869, 485, 56, '1977-02-04', '', 3),
(870, 486, 56, '1977-02-04', '', 3),
(871, 26, 56, '1977-02-04', '', 3),
(872, 487, 56, '1977-02-04', '', 3),
(873, 212, 56, '1977-02-04', '', 3),
(874, 488, 56, '1977-02-04', '', 3),
(875, 489, 56, '1977-02-04', '', 3),
(876, 19, 56, '1977-02-04', '', 3),
(877, 490, 56, '1977-02-04', '', 3),
(878, 29, 56, '1977-02-04', '', 3),
(879, 491, 56, '1977-02-04', '', 3),
(880, 97, 56, '1977-02-04', '', 3),
(881, 44, 56, '1977-02-04', '', 3),
(882, 492, 56, '1977-02-04', '', 3),
(883, 235, 56, '1977-02-04', '', 3),
(884, 493, 56, '1977-02-04', '', 3),
(885, 494, 56, '1977-02-04', '', 3),
(886, 495, 56, '1977-02-04', '', 3),
(887, 496, 56, '1977-02-04', '', 3),
(888, 94, 56, '1977-02-04', '', 3),
(889, 497, 56, '1977-02-04', '', 3),
(890, 498, 56, '1977-02-04', '', 3),
(891, 499, 56, '1977-02-04', '', 3),
(892, 500, 56, '1977-02-04', '', 3),
(893, 375, 56, '1977-02-04', '', 3),
(894, 268, 56, '1977-02-04', '', 3),
(895, 501, 56, '1977-02-04', '', 3),
(896, 502, 56, '1977-02-04', '', 3),
(897, 503, 56, '1977-02-04', '', 3),
(898, 58, 56, '1977-02-04', '', 3),
(899, 504, 56, '1977-02-04', '', 3),
(900, 357, 56, '1977-02-04', '', 3),
(901, 11, 56, '1977-02-04', '', 3),
(902, 505, 56, '1977-02-04', '', 3),
(903, 227, 56, '1977-02-04', '', 3),
(904, 506, 56, '1977-02-04', '', 3),
(905, 507, 56, '1977-02-04', '', 3),
(906, 304, 56, '1977-02-04', '', 3),
(907, 508, 56, '1977-02-04', '', 3),
(908, 363, 56, '1977-02-04', '', 3),
(909, 509, 56, '1977-02-04', '', 3),
(910, 510, 56, '1977-02-04', '', 3),
(911, 511, 56, '1977-02-04', '', 3),
(912, 417, 56, '1977-02-04', '', 3),
(913, 512, 56, '1977-02-04', '', 3),
(914, 251, 56, '1977-02-04', '', 3),
(915, 30, 57, '1977-02-04', '', 3),
(916, 332, 57, '1977-02-04', '', 3),
(917, 333, 58, '1977-02-04', '', 3),
(918, 513, 58, '1977-02-04', '', 3),
(919, 514, 58, '1977-02-04', '', 3),
(920, 330, 58, '1977-02-04', '', 3),
(921, 11, 58, '1977-02-04', '', 3),
(922, 515, 58, '1977-02-04', '', 3),
(923, 516, 58, '1977-02-04', '', 3),
(924, 517, 58, '1977-02-04', '', 3),
(925, 94, 58, '1977-02-04', '', 3),
(926, 257, 58, '1977-02-04', '', 3),
(927, 427, 58, '1977-02-04', '', 3),
(928, 518, 58, '1977-02-04', '', 3),
(929, 519, 59, '1977-02-04', '', 2),
(930, 520, 59, '1977-02-04', '', 2),
(931, 427, 59, '1977-02-04', '', 2),
(932, 521, 59, '1977-02-04', '', 2),
(933, 476, 59, '1977-02-04', 'Просит предоставить вместо нее доступ Антоновой Лилии Игоревне', 2),
(934, 332, 59, '1977-02-04', '', 2),
(935, 385, 59, '1977-02-04', '', 2),
(936, 253, 59, '1977-02-04', '', 2),
(937, 100, 59, '1977-02-04', '', 2),
(938, 522, 59, '1977-02-04', '', 2),
(939, 72, 59, '1977-02-04', '', 2),
(940, 523, 59, '1977-02-04', '', 2),
(941, 115, 59, '1977-02-04', '', 2),
(942, 333, 59, '1977-02-04', '', 2),
(943, 524, 59, '1977-02-04', '', 2),
(944, 525, 59, '1977-02-04', '', 2),
(945, 526, 59, '1977-02-04', '', 2),
(946, 527, 59, '1977-02-04', '', 2),
(947, 50, 59, '1977-02-04', '', 2),
(948, 528, 59, '1977-02-04', '', 2),
(949, 68, 59, '1977-02-04', '', 2),
(950, 71, 60, '1977-02-04', '', 2),
(951, 529, 61, '1977-02-04', '', 2),
(952, 316, 62, '1977-02-04', '', 2),
(953, 197, 63, '1977-02-04', '', 2),
(954, 530, 63, '1977-02-04', '', 2),
(955, 472, 64, '1977-02-04', '', 3),
(956, 531, 64, '1977-02-04', '', 3),
(957, 3, 64, '1977-02-04', '', 3),
(958, 499, 64, '1977-02-04', '', 3),
(959, 18, 64, '1977-02-04', '', 3),
(960, 532, 64, '1977-02-04', '', 3),
(961, 36, 64, '1977-02-04', '', 3),
(962, 533, 64, '1977-02-04', '', 3),
(963, 37, 64, '1977-02-04', '', 3),
(964, 65, 64, '1977-02-04', '', 3),
(965, 534, 64, '1977-02-04', '', 3),
(966, 11, 64, '1977-02-04', '', 3),
(967, 535, 64, '1977-02-04', '', 3),
(968, 122, 64, '1977-02-04', '', 3),
(969, 536, 64, '1977-02-04', '', 3),
(970, 537, 64, '1977-02-04', '', 3),
(971, 538, 64, '1977-02-04', '', 3),
(972, 34, 64, '1977-02-04', '', 3),
(973, 539, 64, '1977-02-04', '', 3),
(974, 427, 64, '1977-02-04', '', 3),
(975, 73, 64, '1977-02-04', '', 3),
(976, 253, 64, '1977-02-04', '', 3),
(977, 230, 64, '1977-02-04', '', 3),
(978, 72, 64, '1977-02-04', '', 3),
(979, 42, 64, '1977-02-04', '', 3),
(980, 239, 64, '1977-02-04', '', 3),
(981, 540, 64, '1977-02-04', '', 3),
(982, 541, 64, '1977-02-04', '', 3),
(983, 542, 64, '1977-02-04', '', 3),
(984, 492, 64, '1977-02-04', '', 3),
(985, 543, 64, '1977-02-04', '', 3),
(986, 544, 65, '1977-02-04', '', 2),
(987, 316, 66, '1977-02-04', '', 2),
(988, 391, 67, '1977-02-04', '', 2),
(989, 391, 55, '1977-02-04', '', 2),
(990, 36, 49, '1977-02-04', '', 6),
(991, 545, 68, '1977-02-04', '', 2),
(992, 212, 68, '1977-02-04', '', 2),
(993, 97, 68, '1977-02-04', '', 2),
(994, 546, 68, '1977-02-04', '', 2),
(995, 547, 68, '1977-02-04', '', 2),
(996, 30, 68, '1977-02-04', '', 2),
(997, 332, 68, '1977-02-04', '', 2),
(998, 548, 68, '1977-02-04', '', 2),
(999, 67, 68, '1977-02-04', '', 2),
(1000, 549, 68, '1977-02-04', '', 2),
(1001, 47, 68, '1977-02-04', '', 2),
(1002, 550, 68, '1977-02-04', '', 2),
(1003, 551, 68, '1977-02-04', '', 2),
(1004, 115, 68, '1977-02-04', '', 2),
(1005, 552, 68, '1977-02-04', '', 2),
(1006, 553, 68, '1977-02-04', '', 2),
(1007, 268, 68, '1977-02-04', '', 2),
(1008, 55, 68, '1977-02-04', '', 2),
(1009, 555, 68, '1977-02-04', '', 2),
(1010, 2, 68, '1977-02-04', '', 2),
(1011, 418, 68, '1977-02-04', '', 2),
(1012, 254, 68, '1977-02-04', '', 2),
(1013, 556, 68, '1977-02-04', '', 2),
(1014, 557, 68, '1977-02-04', '', 2),
(1015, 459, 68, '1977-02-04', '', 2),
(1016, 558, 68, '1977-02-04', '', 2),
(1017, 559, 69, '1977-02-04', 'спрашивала про ПЗПО', 7),
(1018, 560, 69, '1977-02-04', 'Спрашивала про ПЗПО', 7),
(1019, 522, 70, '1977-02-04', 'Уточняла про курс ПАЗИС', 7),
(1020, 14, 71, '1977-02-04', '', 1),
(1021, 561, 37, '1977-02-04', '', 2),
(1022, 518, 37, '1977-02-04', '', 2),
(1023, 562, 37, '1977-02-04', '', 2),
(1024, 563, 37, '1977-02-04', '', 2),
(1025, 564, 17, '1977-02-04', '', 2),
(1026, 565, 17, '1977-02-04', '', 2),
(1027, 566, 17, '1977-02-04', '', 2),
(1028, 567, 17, '1977-02-04', '', 2),
(1029, 568, 17, '1977-02-04', '', 2),
(1030, 37, 37, '1977-02-04', '', 2),
(1031, 420, 37, '1977-02-04', '', 6),
(1032, 422, 37, '1977-02-04', '', 6),
(1033, 427, 37, '1977-02-04', '', 6),
(1034, 426, 37, '1977-02-04', '', 6),
(1035, 227, 37, '1977-02-04', '', 6),
(1036, 429, 37, '1977-02-04', '', 6),
(1037, 328, 72, '1977-02-04', '', 6),
(1038, 522, 72, '1977-02-04', '', 6),
(1039, 46, 72, '1977-02-04', '', 2),
(1040, 343, 72, '1977-02-04', '', 2),
(1041, 569, 72, '1977-02-04', '', 2),
(1042, 570, 72, '1977-02-04', '', 2),
(1043, 571, 72, '1977-02-04', '', 2),
(1044, 551, 73, '1977-02-04', '', 2),
(1045, 572, 72, '1977-02-04', '', 2),
(1046, 494, 72, '1977-02-04', '', 2),
(1047, 573, 72, '1977-02-04', '', 2),
(1048, 574, 72, '1977-02-04', '', 2),
(1049, 575, 74, '1977-02-04', '', 2),
(1050, 576, 74, '1977-02-04', '', 2),
(1051, 577, 74, '1977-02-04', '', 2),
(1052, 578, 74, '1977-02-04', '', 2),
(1053, 330, 74, '1977-02-04', '', 2),
(1054, 579, 75, '1977-02-04', '', 2),
(1055, 580, 74, '1977-02-04', '', 2),
(1056, 52, 74, '1977-02-04', '', 2),
(1057, 581, 74, '1977-02-04', '', 6),
(1058, 304, 44, '1977-02-04', '', 2),
(1059, 582, 44, '1977-02-04', '', 2),
(1060, 583, 44, '1977-02-04', '', 2),
(1061, 584, 44, '1977-02-04', '', 2),
(1062, 585, 44, '1977-02-04', '', 2),
(1063, 34, 44, '1977-02-04', '', 2),
(1064, 6, 46, '1977-02-04', '', 2),
(1065, 586, 46, '1977-02-04', '', 2),
(1066, 587, 46, '1977-02-04', '', 2),
(1067, 588, 46, '1977-02-04', '', 2),
(1068, 589, 46, '1977-02-04', '', 2),
(1069, 590, 46, '1977-02-04', '', 2),
(1070, 591, 47, '1977-02-04', '', 2),
(1071, 592, 47, '1977-02-04', '', 2),
(1072, 593, 47, '1977-02-04', '', 2),
(1073, 594, 47, '1977-02-04', '', 2),
(1074, 595, 47, '1977-02-04', '', 2),
(1075, 596, 48, '1977-02-04', '', 2),
(1076, 597, 37, '1977-02-04', '', 2),
(1077, 598, 37, '1977-02-04', '', 2),
(1078, 599, 37, '1977-02-04', '', 2),
(1079, 600, 17, '1977-02-04', '', 2),
(1080, 601, 17, '1977-02-04', '', 2),
(1081, 339, 76, '1977-02-04', '', 2),
(1082, 30, 76, '1977-02-04', '', 2),
(1083, 186, 76, '1977-02-04', '', 2),
(1084, 330, 76, '1977-02-04', '', 2),
(1085, 587, 76, '1977-02-04', '', 2),
(1086, 217, 76, '1977-02-04', '', 2),
(1087, 602, 76, '1977-02-04', '', 2),
(1088, 603, 76, '1977-02-04', '', 2),
(1089, 604, 76, '1977-02-04', '', 2),
(1090, 605, 76, '1977-02-04', '', 2),
(1091, 582, 76, '1977-02-04', '', 2),
(1092, 606, 76, '1977-02-04', '', 2),
(1093, 607, 77, '1977-02-04', '', 2),
(1094, 94, 77, '1977-02-04', '', 2),
(1095, 608, 77, '1977-02-04', '', 2),
(1096, 268, 77, '1977-02-04', '', 2),
(1097, 609, 77, '1977-02-04', '', 2),
(1098, 610, 77, '1977-02-04', '', 2),
(1099, 611, 77, '1977-02-04', '', 2),
(1100, 612, 77, '1977-02-04', '', 2),
(1101, 613, 77, '1977-02-04', '', 2),
(1102, 614, 77, '1977-02-04', '', 2),
(1103, 615, 77, '1977-02-04', '', 2),
(1104, 616, 77, '1977-02-04', '', 2),
(1105, 617, 78, '1977-02-04', '', 2),
(1106, 618, 78, '1977-02-04', '', 2),
(1107, 619, 78, '1977-02-04', '', 2),
(1108, 620, 78, '1977-02-04', '', 2),
(1109, 621, 78, '1977-02-04', '', 2),
(1110, 622, 78, '1977-02-04', '', 2),
(1111, 338, 78, '1977-02-04', '', 2),
(1112, 6, 78, '1977-02-04', '', 2),
(1113, 623, 78, '1977-02-04', '', 2),
(1114, 624, 78, '1977-02-04', '', 2),
(1115, 625, 79, '1977-02-04', '', 2),
(1116, 626, 79, '1977-02-04', '', 2),
(1117, 11, 79, '1977-02-04', '', 2),
(1118, 627, 79, '1977-02-04', '', 2),
(1119, 628, 79, '1977-02-04', '', 2),
(1120, 629, 79, '1977-02-04', '', 2),
(1121, 630, 79, '1977-02-04', '', 2),
(1122, 631, 79, '1977-02-04', '', 2),
(1123, 632, 79, '1977-02-04', '', 2),
(1124, 633, 79, '1977-02-04', '', 2),
(1125, 634, 79, '1977-02-04', '', 2),
(1126, 635, 79, '1977-02-04', '', 2),
(1127, 636, 79, '1977-02-04', '', 2),
(1128, 637, 79, '1977-02-04', '', 2),
(1129, 253, 80, '1977-02-04', '', 2),
(1130, 36, 80, '1977-02-04', '', 2),
(1131, 638, 80, '1977-02-04', '', 2),
(1132, 639, 80, '1977-02-04', '', 2),
(1133, 576, 80, '1977-02-04', '', 2),
(1134, 640, 80, '1977-02-04', '', 2),
(1135, 359, 81, '1977-02-04', '', 2),
(1136, 641, 81, '1977-02-04', '', 2),
(1137, 642, 81, '1977-02-04', '', 2),
(1138, 643, 81, '1977-02-04', '', 2),
(1139, 644, 81, '1977-02-04', '', 2),
(1140, 476, 81, '1977-02-04', '', 2),
(1141, 619, 81, '1977-02-04', '', 2),
(1142, 645, 81, '1977-02-04', '', 2),
(1143, 646, 81, '1977-02-04', '', 2),
(1144, 647, 81, '1977-02-04', '', 2),
(1145, 648, 81, '1977-02-04', '', 2),
(1146, 470, 81, '1977-02-04', '', 2),
(1147, 36, 82, '1977-02-04', '', 2),
(1148, 30, 82, '1977-02-04', '', 2),
(1149, 29, 82, '1977-02-04', '', 2),
(1150, 340, 82, '1977-02-04', '', 2),
(1151, 339, 82, '1977-02-04', '', 2),
(1152, 649, 82, '1977-02-04', '', 2),
(1153, 186, 83, '1977-02-04', '', 2),
(1154, 63, 83, '1977-02-04', '', 2),
(1155, 57, 84, '1977-02-04', '', 2),
(1156, 650, 84, '1977-02-04', '', 2),
(1157, 628, 85, '1977-02-04', '', 2),
(1158, 651, 85, '1977-02-04', '', 2),
(1159, 251, 86, '1977-02-04', '', 2),
(1160, 36, 86, '1977-02-04', '', 2),
(1161, 31, 86, '1977-02-04', '', 2),
(1162, 217, 86, '1977-02-04', '', 2),
(1163, 170, 86, '1977-02-04', '', 2),
(1164, 5, 86, '1977-02-04', '', 2),
(1165, 174, 86, '1977-02-04', '', 2),
(1166, 115, 86, '1977-02-04', '', 2),
(1167, 6, 86, '1977-02-04', '', 2),
(1168, 352, 86, '1977-02-04', '', 2);

-- --------------------------------------------------------

--
-- Структура таблицы `sales_status`
--

DROP TABLE IF EXISTS `sales_status`;
CREATE TABLE IF NOT EXISTS `sales_status` (
  `status_id` int NOT NULL AUTO_INCREMENT,
  `status_name` varchar(50) NOT NULL,
  PRIMARY KEY (`status_id`)
) ENGINE=InnoDB AUTO_INCREMENT=8 DEFAULT CHARSET=utf8mb4 COLLATE=utf8mb4_0900_ai_ci;

--
-- Дамп данных таблицы `sales_status`
--

INSERT INTO `sales_status` (`status_id`, `status_name`) VALUES
(1, 'НЕ ОПРЕДЕЛЁН'),
(2, 'Купил'),
(3, 'Бесплатно'),
(4, 'Интересовалась'),
(5, 'Интересовалсь'),
(6, 'Не купил'),
(7, 'Интересовался');

-- --------------------------------------------------------

--
-- Структура таблицы `users`
--

DROP TABLE IF EXISTS `users`;
CREATE TABLE IF NOT EXISTS `users` (
  `id` int NOT NULL AUTO_INCREMENT,
  `username` varchar(25) CHARACTER SET utf8mb3 COLLATE utf8mb3_unicode_ci NOT NULL,
  `password` varchar(255) CHARACTER SET utf8mb3 COLLATE utf8mb3_unicode_ci NOT NULL,
  `email` varchar(100) CHARACTER SET utf8mb3 COLLATE utf8mb3_unicode_ci NOT NULL,
  `user_group` varchar(100) CHARACTER SET utf8mb3 COLLATE utf8mb3_unicode_ci DEFAULT 'client',
  `login` varchar(25) CHARACTER SET utf8mb3 COLLATE utf8mb3_unicode_ci NOT NULL,
  PRIMARY KEY (`id`),
  KEY `login` (`login`)
) ENGINE=InnoDB AUTO_INCREMENT=25 DEFAULT CHARSET=utf8mb3 COLLATE=utf8mb3_unicode_ci;

--
-- Дамп данных таблицы `users`
--

INSERT INTO `users` (`id`, `username`, `password`, `email`, `user_group`, `login`) VALUES
(8, 'Саблина Майя', '$2y$10$3QfL.YUBaf4Bymw0zFGfsOUZP3u66Ppzb.OjeaqjtjndQoHb0i6Tq', 'pavlikhin2@gmail.com', 'operator', '2'),
(9, 'ООО \"Рога и копыта\"', '$2y$10$cak3fy0M3jGlsHjotG/K9ey8EPlAepp86sUwH//OEv87wLO.4H6tq', 'pavlikhin3@gmail.com', 'client', '3'),
(10, 'Павлихин Алексей', '$2y$10$ACIRZt6S/NeqtqRigL0AY.SEkNTqflUxckqkOaFS6.zjNRrRGI0NS', 'pavlikhin@gmail.com', 'operator', '1'),
(24, 'Сизова Марина Андреевна', '$2y$10$ruE9VH8UaGGmtU7a2HiU.OCRQKJp9s66d8JJDQk8TGl/EYwnsXwy.', 'sizova@msll.ru', 'operator', 'sizova');

--
-- Ограничения внешнего ключа сохраненных таблиц
--

--
-- Ограничения внешнего ключа таблицы `clients_email`
--
ALTER TABLE `clients_email`
  ADD CONSTRAINT `clients_email_ibfk_1` FOREIGN KEY (`client_id`) REFERENCES `clients` (`client_id`) ON DELETE RESTRICT ON UPDATE RESTRICT;

--
-- Ограничения внешнего ключа таблицы `clients_phone`
--
ALTER TABLE `clients_phone`
  ADD CONSTRAINT `clients_phone_ibfk_1` FOREIGN KEY (`client_id`) REFERENCES `clients` (`client_id`) ON DELETE RESTRICT ON UPDATE RESTRICT;

--
-- Ограничения внешнего ключа таблицы `clients_telegram`
--
ALTER TABLE `clients_telegram`
  ADD CONSTRAINT `clients_telegram_ibfk_1` FOREIGN KEY (`client_id`) REFERENCES `clients` (`client_id`) ON DELETE RESTRICT ON UPDATE RESTRICT;

--
-- Ограничения внешнего ключа таблицы `orders`
--
ALTER TABLE `orders`
  ADD CONSTRAINT `orders_ibfk_1` FOREIGN KEY (`client_id`) REFERENCES `users` (`id`) ON DELETE RESTRICT ON UPDATE RESTRICT,
  ADD CONSTRAINT `orders_ibfk_2` FOREIGN KEY (`operator_id`) REFERENCES `users` (`id`) ON DELETE RESTRICT ON UPDATE RESTRICT;

--
-- Ограничения внешнего ключа таблицы `sales`
--
ALTER TABLE `sales`
  ADD CONSTRAINT `sales_client_id` FOREIGN KEY (`client_id`) REFERENCES `clients` (`client_id`) ON DELETE RESTRICT ON UPDATE RESTRICT,
  ADD CONSTRAINT `sales_product_id` FOREIGN KEY (`product_id`) REFERENCES `products` (`product_id`) ON DELETE RESTRICT ON UPDATE RESTRICT,
  ADD CONSTRAINT `sales_status_id` FOREIGN KEY (`sale_status_id`) REFERENCES `sales_status` (`status_id`) ON DELETE RESTRICT ON UPDATE RESTRICT;
COMMIT;

/*!40101 SET CHARACTER_SET_CLIENT=@OLD_CHARACTER_SET_CLIENT */;
/*!40101 SET CHARACTER_SET_RESULTS=@OLD_CHARACTER_SET_RESULTS */;
/*!40101 SET COLLATION_CONNECTION=@OLD_COLLATION_CONNECTION */;
