-- phpMyAdmin SQL Dump
-- version 5.2.1
-- https://www.phpmyadmin.net/
--
-- Хост: 127.0.0.1:3306
-- Время создания: Авг 30 2025 г., 00:27
-- Версия сервера: 8.0.32
-- Версия PHP: 8.3.14

SET SQL_MODE = "NO_AUTO_VALUE_ON_ZERO";
START TRANSACTION;
SET time_zone = "+00:00";


/*!40101 SET @OLD_CHARACTER_SET_CLIENT=@@CHARACTER_SET_CLIENT */;
/*!40101 SET @OLD_CHARACTER_SET_RESULTS=@@CHARACTER_SET_RESULTS */;
/*!40101 SET @OLD_COLLATION_CONNECTION=@@COLLATION_CONNECTION */;
/*!40101 SET NAMES utf8mb4 */;

--
-- База данных: `firstdb`
--

-- --------------------------------------------------------

--
-- Структура таблицы `clients`
--

DROP TABLE IF EXISTS `clients`;
CREATE TABLE IF NOT EXISTS `clients` (
  `client_id` int NOT NULL AUTO_INCREMENT,
  `client_first_name` varchar(256) CHARACTER SET utf8mb4 COLLATE utf8mb4_0900_ai_ci DEFAULT NULL,
  `client_last_name` varchar(256) CHARACTER SET utf8mb4 COLLATE utf8mb4_0900_ai_ci DEFAULT NULL,
  `client_patronymic` varchar(256) DEFAULT NULL,
  `client_job` varchar(256) CHARACTER SET utf8mb4 COLLATE utf8mb4_0900_ai_ci DEFAULT NULL,
  `client_comment` text CHARACTER SET utf8mb4 COLLATE utf8mb4_0900_ai_ci,
  PRIMARY KEY (`client_id`),
  KEY `idx_client_name` (`client_first_name`(250))
) ENGINE=InnoDB AUTO_INCREMENT=617 DEFAULT CHARSET=utf8mb4 COLLATE=utf8mb4_0900_ai_ci;

--
-- Дамп данных таблицы `clients`
--

INSERT INTO `clients` (`client_id`, `client_first_name`, `client_last_name`, `client_patronymic`, `client_job`, `client_comment`) VALUES
(1, 'Жанна', 'Китаева', '', '', ''),
(2, 'Кристина', 'Никитина Хальзова', 'Сергеевна', '', ''),
(3, 'Олег', 'Абраменко', '', 'Itpatent', ''),
(4, 'Наталья', 'Епифанцева', '', '', ''),
(5, 'Евгения', 'Шишкова', 'Михайловна', '', ''),
(6, 'Залифа', 'Баймуратова', 'Мажитовна', 'Рудн', ''),
(7, 'Александра', 'Фимченко', 'Сергеевна', '', ''),
(8, 'Екатерина', 'Кошевая', 'Анатольевна', '', ''),
(9, 'Анастасия', 'Кирюхина', '', '', ''),
(10, 'Анастасия', 'Герман', 'Александровна', '', ''),
(11, 'Елизавета', 'Дьячкова', '', 'Частная практика', ''),
(12, 'Татьяна', 'Немонова', '', 'ООО \"АЙНО\"  IYNO', 'ТГ по номеру'),
(13, 'Екатерина', '', '', '', ''),
(14, 'Мариам Сиордия', 'Мариам', 'Мариам', '', ''),
(15, 'Оксана', 'Афанасьева', '', '', ''),
(16, 'Полина', '', '', '', ''),
(17, 'Олеся', '', '', '', ''),
(18, 'Александр', 'Смоленский', '', 'ООО \"Селдон ПРО\"', ''),
(19, 'Евгений Горевой', 'Горевой', '', 'АО \"КОНТИ-РУС\"', ''),
(20, 'Диана', 'Плаксина', '', '', ''),
(21, 'Светлана', 'Поляк', '', '', ''),
(22, 'Вениамин', '', '', '', ''),
(23, 'Елена', 'Молчанова', '', '', ''),
(24, 'Вероника', 'Сборец', '', '', ''),
(25, 'Татьяна', 'Пирожкова', 'Владимировна', '', ''),
(26, 'Ольга', 'Марюхина', '', '', ''),
(27, 'Наталья', '', '', '', ''),
(28, 'Карина', 'Сорокина', '', '', ''),
(29, 'Ирина', 'Земкина', 'Юрьевна', '', ''),
(30, 'Сергей Сергей (@Oduvan98)', 'Волошин', '', 'МОКА Соничев Кзусь и партеры', ''),
(31, 'Евгения', 'Шишинова', '', '', ''),
(32, 'Александра', 'Шульц', 'Николаевна', '', ''),
(33, 'Максим', '', '', '', ''),
(34, 'Зоряна', 'Милько', 'Владимировна', 'Nda', ''),
(35, 'Юлия', 'Казанская', 'Викторовна', '', ''),
(36, 'Екатерина', 'Полякова', 'Александровна', 'GS Labs', ''),
(37, 'Анастасия', 'Любченко', '', 'ГК \"Дикси\"', ''),
(38, 'Анастасия', 'Подгурская', '', '', ''),
(39, 'Арина', '', '', '', ''),
(40, 'Армен', '', '', '', ''),
(41, 'Дарья', 'Кононенко (Гжимек)', '', '', ''),
(42, 'Ольга', 'Чистова', '', 'H&N', ''),
(43, 'Инна', '', '', '', ''),
(44, 'Татьяна Анна', '', '', '', ''),
(45, 'Юлия', '', '', '', ''),
(46, 'Анастасия', 'Сапронова', '', '', ''),
(47, 'Анна', 'Корнилова', '', 'ООО \"Шмитт и Орлов\"', ''),
(48, 'Ангелина', 'Прокофьева', '', '', ''),
(49, 'Алексей', '', '', '', ''),
(50, 'Наталья', 'Блинова', '', '', ''),
(51, 'Екатерина', '', '', '', ''),
(52, 'Анна', 'Мельникова', 'Евгеньевна', 'ООО \"нкц\"', ''),
(53, 'Мария', 'Лозовая', '', '', ''),
(54, 'Василина', 'Ралько', 'Васильевна', '', ''),
(55, 'Юлия', 'Арасланова', '', '', ''),
(56, 'Елена', '', '', '', ''),
(57, 'Анна', 'Кузнецова', '', '', ''),
(58, 'Светлана', 'Романеева', '', '', ''),
(59, 'Олег', '', '', '', ''),
(60, 'Лариса', '', '', '', ''),
(61, 'Кристина', '', '', '', ''),
(62, 'Анастасия', '', '', '', ''),
(63, 'Светлана', 'Лялькова', '', '', ''),
(64, 'Илья', '', '', '', ''),
(65, 'Евгения', 'Распопова', 'Вячеславовна', 'ООО \"Пивоваренная компания \"Балтика\" АО \"НИИ \"Гириконд\" (оборонка)', ''),
(66, 'Ольга', '', '', '', ''),
(67, 'Кирилл', 'Усов', '', '', ''),
(68, 'Валерия', 'Малюгова', '', '', ''),
(69, 'Александра', '', '', '', ''),
(70, 'Михаил', '', '', '', ''),
(71, 'Алена', 'Карпова', '', '', ''),
(72, 'Наталья', 'Камаева', '', 'Билайн', ''),
(73, 'Ольга', 'Малыгина', 'Александровна', 'ООО \"АВГ\" https://www.awg.ru/', ''),
(74, 'Александр', 'Навценя', '', '', ''),
(75, 'Анастасия', 'Сивицкая', '', '', ''),
(76, 'Владимир', 'Пизов', '', '', ''),
(77, 'Алёна', 'Пантелей', '', '', ''),
(78, 'Варвара', 'Алитовская', '', '', ''),
(79, 'Артем', 'Гарден', '', '', ''),
(80, 'Екатерина', '', '', '', ''),
(81, 'Лидия', 'Субботина', '', '', ''),
(82, 'Юлия', '', '', '', ''),
(83, 'Дарья', '', '', '', ''),
(84, 'Афанасий', '', '', '', ''),
(85, 'Ксения', '', '', '', ''),
(86, 'Виктория', '', '', '', ''),
(87, 'Ирина', 'Ангелова', '', '', ''),
(88, 'Ксения', '', '', '', ''),
(89, 'Екатерина', 'Богданова', '', '', ''),
(90, 'Мария', '', '', '', ''),
(91, 'Анна', '', '', '', ''),
(92, 'Вероника', '', '', '', ''),
(93, 'Лариса', '', '', '', ''),
(94, 'Наталия', 'Солодкова', 'Сергеевна', 'ООО\"Постгрес Профессиональный\" Postgres Professional', ''),
(95, 'Кристина', '', '', '', ''),
(96, 'Анастасия', '', '', '', ''),
(97, 'Анастасия', 'Синицына', '', '', ''),
(98, 'Анатолий', '', '', '', ''),
(99, 'Марина', '', '', '', ''),
(100, 'Алексей', 'Борцов', '', '', ''),
(101, 'Марк', '', '', '', ''),
(102, 'Анна', '', '', '', ''),
(103, 'Резеда', '', '', '', ''),
(104, 'Татьяна', '', '', '', ''),
(105, 'Андрей', '', '', '', ''),
(106, 'Екатерина', '', '', '', ''),
(107, 'Елена', 'Мокрушникова', '', '', ''),
(108, 'Александра', '', '', '', '; Email: <alexandra@shultslegal.ru> email_id: <110> перепривязан к клиенту id <32>; Телефон: <79652469748> phone_id: <113> перепривязан к клиенту id <32>; Продажа ID: <152> product_id: <12> перепривязана к клиенту id <32>;'),
(109, 'Инга', '', '', '', ''),
(110, 'Мария', '', '', '', ''),
(111, 'Виктория', '', '', '', ''),
(112, 'Дарья', 'Степанова', 'Игоревна', '', ''),
(113, 'Irina Ирина', '', '', '', ''),
(114, 'Ольга', '', '', '', ''),
(115, 'Дина', 'Юмагужина', 'Руслановна', '', ''),
(116, 'Вадим', '', '', '', ''),
(117, 'Мария', 'Пнтонова Антонова', 'Валентиновна', '', ''),
(118, 'Кирилл', '', '', '', ''),
(119, 'Светлана', 'Правич', '', '', ''),
(120, 'Марина', 'Быкова', 'Олеговна', '', ''),
(121, 'Ани', '', '', '', ''),
(122, 'Иван', 'Хайдуров', 'Хайдуров', 'Group-IB', ''),
(123, 'Александра', 'Волкова', 'Владимировна', '', ''),
(124, 'Анна', '', '', '', ''),
(125, 'Александр', 'Спицин', 'Сергеевич', '', ''),
(126, 'Мария', 'Морозова Тимофеева', 'Александровна', '', ''),
(127, 'Александр', '', '', '', ''),
(128, 'Ольга', '', '', '', ''),
(129, 'Ксения', '', '', '', ''),
(130, '*', '', '', '', ''),
(131, 'Анна', '', '', '', ''),
(132, 'Ева', '', '', '', ''),
(133, 'Михаил', 'Харабрин', 'Васильевич', '', ''),
(134, 'Елена', '', '', '', ''),
(135, 'Инна Червина', '', '', '', ''),
(136, 'Вера', '', '', '', ''),
(137, 'Сергей', 'Шаповалов', '', '', ''),
(138, 'Виктория', '', '', '', ''),
(139, 'Лариана', '', '', '', ''),
(140, 'Азалия', '', '', '', ''),
(141, 'Марта', '', '', '', ''),
(142, 'Марина', '', '', '', ''),
(143, 'Алина', '', '', '', ''),
(144, 'Любовь', '', '', '', ''),
(145, 'Екатерина', '', '', '', ''),
(146, 'Юлия', 'Соловьева', '', '', ''),
(147, 'Дарья', '', '', '', ''),
(148, 'Светлана Воронова', 'Воронова', '', '', ''),
(149, 'Анна', '', '', '', ''),
(150, 'Даниил', '', '', '', ''),
(151, 'Юлия', 'Дунаева', 'Георгиевна', '', ''),
(152, 'Сергей', '', '', '', ''),
(153, 'Артем', '', '', '', ''),
(154, 'Геннадий', '', '', '', ''),
(155, 'Елена', '', '', '', ''),
(156, 'Марина', '', '', '', ''),
(157, 'Карина', 'Дернова', '', '', ''),
(158, 'Александр', '', '', '', ''),
(159, 'Александр', 'Шестериков', 'Андриянович', '', ''),
(160, 'Валерия', '', '', '', ''),
(161, 'Анастасия', 'Гришина', 'Александровна', '', ''),
(162, 'Светлана', '', '', '', ''),
(163, 'Анна', '', '', '', ''),
(164, 'Алексей', '', '', '', ''),
(165, 'Елена', 'Киреева', '', '', ''),
(166, 'Алла', '', '', '', ''),
(167, 'Евгения', '', '', '', ''),
(168, 'Марина', '', '', '', ''),
(169, 'Ксения', '', '', '', ''),
(170, 'Ганна', 'Воронкова', 'Федоровна', '', ''),
(171, 'Эльвира', '', '', '', ''),
(172, 'Ирина', '', '', '', ''),
(173, 'Мария', '', '', '', ''),
(174, 'Евгений', 'Госьков', 'Сергеевич', '', ''),
(175, 'Юлия', 'Шайхутдинова', 'Борисовна', '', ''),
(176, 'Евгения', '', '', '', ''),
(177, 'Екатерина', '', '', '', ''),
(178, 'Мария', '', '', '', ''),
(179, 'Татьяна', '', '', '', ''),
(180, 'Ольга', '', '', '', ''),
(181, 'Дарья', '', '', '', ''),
(182, 'Анастасия', 'Липатова', '', '', ''),
(183, 'Юлия', 'Цветкова', 'Сергеевна', '', ''),
(184, 'Валентина', 'Иващенко', 'Владиславовна', 'Кубит Практик', ''),
(185, 'Сергей', '', '', '', ''),
(186, 'Марина', 'Шагина', '', '', ''),
(187, 'Анна', '', '', '', ''),
(188, 'Lara Илария', 'Горнакова', '', 'ПАО МТС', ''),
(189, 'Дарья', 'Першенкова', 'Александровна', 'Хедхантер', ''),
(190, 'Иван', 'Дзюба', '', '', ''),
(191, 'Алексей', 'Борцов', '', '', ''),
(192, 'Александра', 'Руссу', '', '', ''),
(193, 'Виктор', '', '', '', ''),
(194, 'Дарья', '', '', '', ''),
(195, 'Александра', '', '', '', ''),
(196, 'Александра', '', '', '', ''),
(197, 'Нина', 'Полякова', '', '', ''),
(198, 'Никита', '', '', '', ''),
(199, 'Анна', 'Демирбаш', '', '', ''),
(200, 'Жанна', '', '', '', ''),
(201, 'Евгений', '', '', '', ''),
(202, 'Елена', '', '', '', ''),
(203, 'Мария', '', '', '', ''),
(204, 'Аслан', '', '', '', ''),
(205, 'Анастасия', '', '', '', ''),
(206, 'Мари', '', '', '', ''),
(207, 'Юлия', '', '', '', ''),
(208, 'Анна', '', '', '', ''),
(209, 'Владимир', '', '', '', ''),
(210, 'Андрей', '', '', '', ''),
(211, 'Николай', 'Иванов', 'Геннадиевич', '', ''),
(212, 'Татьяна', 'Галимарданова', '', '', ''),
(213, 'Екатерина', '', '', '', ''),
(214, 'Анна', 'Большакова', '', '', ''),
(215, 'Адиля', '', '', '', ''),
(216, 'Алина', 'Сероштан', '', '', ''),
(217, 'Елизавета', 'Москвитина', 'Павловна', '', ''),
(218, 'Таймураз', '', '', '', ''),
(219, 'Дарья', 'Юричь', '', '', ''),
(220, 'Мария', 'Дроздова', 'Евгеньевна', 'Ооо \"КИОН\"', ''),
(221, 'Ирина', 'Резникова', '', '', ''),
(222, 'Кирьяк Гульназ', '', '', '', ''),
(223, 'Анна', 'Журбенко', 'Станиславовна', '', ''),
(224, 'Анастасия', 'Сенникова', 'Владимировна', '', ''),
(225, 'Евгения', 'Сладкомёдова', '', '', ''),
(226, 'Дарья', 'Полтавец', 'Владимировна', '', ''),
(227, 'Дарья', 'Минеева', 'Николаевна', '', ''),
(228, 'Александр', 'Андрейчук', 'Иванович', '', ''),
(229, 'Ольга', 'Каштанова', 'Викторовна', '', ''),
(230, 'Ольга', 'Хорева', '', 'ГАОУ ВО МГПУ', ''),
(231, 'Jing', '', '', '', ''),
(232, 'Дарья', 'Михайлова', 'Вадимовна', '', ''),
(233, 'Светлана', '', 'Евгеньевна', '', ''),
(234, 'Мансур', '', '', '', ''),
(235, 'Анна Аня', '', '', '', ''),
(236, 'Полина', '', '', '', ''),
(237, 'Азат', '', '', '', ''),
(238, 'Наталья', '', '', '', ''),
(239, 'Валерия', 'Слепухина', 'Александровна', 'ООО Лаборатория будущего', ''),
(240, 'Марьям', '', '', '', ''),
(241, 'Тигран', 'Дьячкова', '', '', ''),
(242, 'Анна', '', '', '', ''),
(243, 'Заира', '', '', '', ''),
(244, 'Дмитрий', '', '', '', ''),
(245, 'Анна', '', '', '', ''),
(246, 'Иван', '', '', '', ''),
(247, 'Кирилл', '', '', '', ''),
(248, 'Наталия', '', '', '', ''),
(249, 'Николай', '', '', '', ''),
(250, 'Наталья', '', '', '', ''),
(251, 'Елена', 'Буряк', 'Владимировна', '', ''),
(252, 'Алена', 'Чекленкова', '', '', ''),
(253, 'Ольга', 'Тимошкина', 'Львовна', 'ИП Тимошкина Частная практика', ''),
(254, 'Елена', 'Арзамазова', '', '', ''),
(255, 'Анна', '', '', '', ''),
(256, 'Лапа', '', '', '', ''),
(257, 'Ольга Ольга Акимова', 'Акимова', '', '', ''),
(258, 'Марина', 'Александрова', '', '', ''),
(259, 'Екатерина', 'Старостина', 'Сергеевна', '', ''),
(260, 'Екатерина', 'Куссмауль', '', '', ''),
(261, 'Ксения', 'Гусева', 'Владимировна', '', ''),
(262, 'Дарья', 'Белова', 'Владимировна', '', ''),
(263, 'АН', 'Попова', '', '', ''),
(264, 'Алена', 'Нескоромюк', '', '', ''),
(265, 'Марина', 'Кулакова', 'Александровна', '', ''),
(266, 'Антон', 'Силкин', 'Сергеевич', '', ''),
(267, 'Татьяна', 'Марканова', '', '', ''),
(268, 'Анна', 'Коннова Вилкова', '', '', ''),
(269, 'Татьяна', 'Козлова', 'Викторовна', '', ''),
(270, 'Надежда', 'Дрозд', '', '', ''),
(271, 'Екатерина', 'Попонина', '', '', ''),
(272, 'Ольга', 'Авдеева', 'Сергеевна', '', ''),
(273, 'Ирина', 'Курасова', 'Александроана', '', ''),
(274, 'Константин', 'Балаев', '', '', ''),
(275, 'Николай', 'Бычков', 'Романович', '', ''),
(276, 'Ольга', 'Болгова', '', '', ''),
(277, 'Марина', 'Сизова', 'Андреевна', '', ''),
(278, 'Ирина', 'Филонова', 'Руслановна', '', ''),
(279, 'Aleksandr K. Александр', '', '', '', ''),
(280, 'Angelina Kol', '', '', '', ''),
(281, 'Татьяна', 'Чурбакова', 'Владимировна', '', ''),
(282, 'Анастасия', 'Ашихмина', 'Валерьевна', '', ''),
(283, 'Анастасия', 'Ширшова', 'Олеговна', '', ''),
(284, 'Иванина МВ', '', '', '', ''),
(285, 'Илья', 'Базалеев', '', '', ''),
(286, 'Вероника', 'Вутын', 'Евгеньевна', '', ''),
(287, 'Анна', 'Бережная', 'Владимировна', '', ''),
(288, 'Эльнара', 'Фетуллаева', 'Руслановна', '', ''),
(289, 'Алла', 'Шилина', 'Романовна', '', ''),
(290, 'Евгения', 'Шилина', 'Борисовна', '', ''),
(291, 'Екатерина', 'Иванова', 'Пенчева', '', ''),
(292, 'Екатерина', 'Рубцова', 'Ивановна', '', ''),
(293, 'Екатерина', 'Лукина', 'Владимировна', '', ''),
(294, 'Виктория', 'Алжеева', 'Ивановна', '', ''),
(295, 'Егор', 'Смородинов', 'Викторович', '', ''),
(296, 'Полина', 'Веселова', 'Сергеевна', '', ''),
(297, 'Виктория', 'Синельникова', 'Геннадьевна', '', ''),
(298, 'Елена', 'Оберемок', '', '', ''),
(299, 'Марьяна', 'Маржохова', 'Хажмусовна', '', ''),
(300, 'Оксана', '', '', '', ''),
(301, 'Алина', 'Якименко', '', '', ''),
(302, 'Майя', 'Махкамова', 'Юрьевна', '', ''),
(303, 'Полина', 'Мушавкина', 'Даниловна', '', ''),
(304, 'Илюза', 'Махиянова', 'Азатовна', '', ''),
(305, 'Юлия', 'Андронова', 'Сергеевна', '', ''),
(306, 'Анна', '', '', '', ''),
(307, 'Анастасия', '', '', '', ''),
(308, 'Ольга', '', '', '', ''),
(309, 'Алла', '', '', '', ''),
(310, 'Александра', 'Хозеева', 'Владимировна', 'ООО \"ИКСПЛАНЕТ.РУ\"', ''),
(311, 'Мария', '', '', '', ''),
(312, 'Ирина', '', '', '', ''),
(313, 'Александр', 'Ригерт', '', '', ''),
(314, 'Екатерина', '', '', '', ''),
(315, 'Александр', '', '', '', ''),
(316, 'Равиль', '', '', '', ''),
(317, 'Яков', 'Бакланов', '', '', ''),
(318, 'Татьяна', 'Царегородцева', '', '', ''),
(319, 'Дмитрий', '', '', '', ''),
(320, 'Елена', 'Шуртакова', '', 'Юнилевер', 'написала на почту'),
(321, 'Вера', '', '', '', ''),
(322, 'Анна', 'Скворцова', '', 'Группа ИТ компаний', ''),
(323, 'Дженнет', 'Демидова', '', 'ИП Демидова Д.А.', ''),
(324, 'Ирина', 'Федотова', '', 'Юридические услуги', ''),
(325, 'Валерия', 'Логушина', '', 'Банк ВТБ (ПАО)', ''),
(326, 'Биюков', 'Эльдар', '', 'Банк ВТБ (ПАО)', ''),
(327, 'Ольга', 'Муравенкова', '', 'Страна Девелопмент', ''),
(328, 'Ольга', 'Какорина', '', 'ООО НП ГРУПП', ''),
(329, 'Наталья', 'Рассохина', '', 'Патентный поверенный', ''),
(330, 'Ирина', 'Маненкова', '', 'ООО \"ППГ\"', ''),
(331, 'Ильяна', 'Липатова', '', 'ГК Иннотех', ''),
(332, 'Анна', 'Дубровина', 'Викторовна', 'ООО ГПМ ПАРТНЕР', ''),
(333, 'Елена', 'Колесник', 'Аркадьевна', 'Онлайн Патент', ''),
(334, 'Дмитрий', 'Терентьев', 'Алексеевич', 'Алкогольное право', ''),
(335, 'Анна', 'Дзасеева', 'Станиславовна', 'ООО Хэдхантер Хедхантер (можно согласие только у нее попросить)', ''),
(336, 'Александр', 'Манаков', 'Алексеевич', 'Алкогольное Право', ''),
(337, 'Елена', 'Лоскутова', 'Вячеславовна', 'lamagroup', ''),
(338, 'Ирина', '', '', '', ''),
(339, 'Глеб', 'Ситников', '', 'АБ \"Юрлов и партнёры\". ', ''),
(340, 'София Софья', 'Енокаева', '', 'Айспик Лодж', ''),
(341, 'Полина', 'Поликарпова', '', '', ''),
(342, 'Анастасия', 'Подгурская', '', '', ''),
(343, 'Олеся', 'Третьякова', '', '', ''),
(344, 'Дарья', 'Марьясова', 'Романовна', '', ''),
(345, 'Елена', 'Голованова', 'Николаевна', '', ''),
(346, 'Ирина', '', '', '', ''),
(347, 'Наталья', 'Зименкой', 'Викторовна', '', ''),
(348, 'Ольга', 'Исаева', 'Владимировна', '', 'нет тг'),
(349, 'Светлана', 'Иванова', '', '', ''),
(350, 'Татьяна', 'Бахарева', 'Александровна', '', ''),
(351, 'Елизавета', 'Тиросян', 'Тиграновна', '', ''),
(352, 'Юлия', 'Подколзина', 'Анатольевна', '', ''),
(353, 'Юлия', 'Чистова', 'Вячеславовна', '', ''),
(354, 'Екатерина', 'Соколова', 'Олеговна', '', ''),
(355, 'Ольга', 'Бондарева', '', '', ''),
(356, 'Наталья', 'Туржина', 'Александровна', '', ''),
(357, 'Елена', 'Шумакова', '', '', ''),
(358, 'Наталья', 'Михайлова', '', '', ''),
(359, 'Екатерина', '', '', '', ''),
(360, 'Мария', 'Порохня', '', 'Промомед', ''),
(361, 'Елена', '', '', '', ''),
(362, 'Яна', '', '', '', ''),
(363, 'Ольга', '', '', '', ''),
(364, 'Елена', 'Поленова', '', '', ''),
(365, 'Александра', '', '', '', ''),
(366, 'Наталья', '', '', '', ''),
(367, 'Алла', '', '', '', ''),
(368, 'Светлана', '', '', '', ''),
(369, 'Кристина', 'Булатова', '', '', ''),
(370, 'Ольга', '', '', '', ''),
(371, 'Анна', '', '', '', ''),
(372, 'Дарья', '', '', '', ''),
(373, 'Анна', '', '', '', ''),
(374, 'Юлия', '', '', '', ''),
(375, 'Валентина', '', '', '', ''),
(376, 'Лера Валерия', '', '', '', ''),
(377, 'Яковенко', 'Никита', '', '', ''),
(378, 'Екатерина', '', '', '', ''),
(379, 'Маргарита', '', '', '', ''),
(380, 'Александра', '', '', '', ''),
(381, 'Дмитрий', 'Травников', '', '', ''),
(382, 'Екатерина', '', '', '', ''),
(383, 'Александр', '', '', '', ''),
(384, 'Наталья', '', '', '', ''),
(385, 'екатерина', '', '', '', ''),
(386, 'Анна', 'Кириченко', '', '', ''),
(387, 'Елизавета', '', '', '', ''),
(388, 'Анна', '', '', '', ''),
(389, 'Татьяна', '', '', '', ''),
(390, 'Евгения', '', '', '', ''),
(391, 'Наталья', '', '', '', ''),
(392, 'Анастасия', 'Суркова', '', '', ''),
(393, 'Ксения', '', '', '', ''),
(394, 'Mari', '', '', '', ''),
(395, 'Юлия', 'Бородько', '', 'Самолет', ''),
(396, 'Артем', 'Лебедев', '', 'Базальт СПО', ''),
(397, 'Мария', 'Дудина', 'Андреевна', '', ''),
(398, 'Максим', '', '', '', ''),
(399, 'Елена', '', '', '', ''),
(400, 'Кристина', '', '', '', ''),
(401, 'Екатерина', '', '', '', ''),
(402, 'Мария', '', '', '', ''),
(403, 'Анастасия', '', '', '', ''),
(404, 'Валерия', '', '', '', ''),
(405, 'Светлана', '', '', '', ''),
(406, 'Андрей', '', '', '', ''),
(407, 'Елизавета', '', '', '', ''),
(408, 'Ксения', 'Бакунина', '', '', ''),
(409, 'Мария', 'Белкина', '', '', ''),
(410, 'Мария', '', '', '', ''),
(411, 'Elena', '', '', '', ''),
(412, 'Лиза', '', '', '', ''),
(413, 'Вероника', '', '', '', ''),
(414, 'Николай', '', '', '', ''),
(415, 'Алина', '', '', '', ''),
(416, 'Валерий', '', '', '', ''),
(417, 'Мария', '', '', '', ''),
(418, 'Katy Екатерина', '', '', '', ''),
(419, 'Анастасия', 'Попова', '', '', ''),
(420, 'Дарья', '', '', '', ''),
(421, 'Антон', 'Карман', '', '', ''),
(422, 'Александр', '', '', '', ''),
(423, 'Полина', '', '', '', ''),
(424, 'Елизавета', 'Бояркина', '', '', ''),
(425, 'Вячеслав', '', '', '', ''),
(426, 'Антон', '', '', '', ''),
(427, 'Елена', 'Новикова', '', '', ''),
(428, 'Инна', 'Тарбастаева', '', 'Самозанятая', ''),
(429, 'Евгений', '', '', '', ''),
(430, 'Светлана', '', '', '', ''),
(431, 'Олег', '', '', '', ''),
(432, 'Альфия', '', '', '', ''),
(433, 'Елена', '', '', '', ''),
(434, 'Татьяна', '', '', '', ''),
(435, 'Юлия', 'Кайнова', '', '', ''),
(436, 'Вера', 'Гибер', 'Игоревна', '', ''),
(437, 'Яна', '', '', '', ''),
(438, 'Гринченко', 'Виталий', '', '', ''),
(439, 'Ульяна', 'Поздеева', '', '', ''),
(440, 'Сергей', 'Марей', '', '', ''),
(441, 'Екатерина', 'Гаврилова', '', '', ''),
(442, 'Алексей', '', '', '', ''),
(443, 'Анна', '', '', '', ''),
(444, 'Ольга', 'Зиновьева', '', '', ''),
(445, 'Игорь', 'Кузнецов', '', '', ''),
(446, 'Екатерина', 'Золотухина', '', '', ''),
(447, 'Елена', 'Альмашова', '', '', ''),
(448, 'София', 'Залуцкая', '', '', ''),
(449, 'Ольга', 'Новикова', '', '', ''),
(450, 'Мария', 'Меркова', '', '', ''),
(451, 'Марина', 'Дмитриева', '', '', ''),
(452, 'Анна', 'Долгова', '', '', ''),
(453, 'Диана', 'Бунина', '', '', ''),
(454, 'Сергей', '', '', '', ''),
(455, 'Лилия', '', '', '', ''),
(456, 'Антон', '', '', '', ''),
(457, 'Дарина', '', '', '', ''),
(458, 'Ирина', '', '', '', '; Email: <ya@izemkina.ru> email_id: <496> перепривязан к клиенту id <29>; Телефон: <79252719744> phone_id: <458> перепривязан к клиенту id <29>; Телеграм: <@IrinaZemkina> telegram_id: <124> перепривязан к клиенту id <29>; Продажа ID: <821> product_id: <56> перепривязана к клиенту id <29>;'),
(459, 'Юлия', 'Вяльдина', '', '', ''),
(460, 'Екатерина', '', '', '', ''),
(461, 'Елена', '', '', '', ''),
(462, 'Алсу', '', '', '', ''),
(463, 'Ирина', '', '', '', ''),
(464, 'Ирина', 'Рослова', '', '', ''),
(465, 'Алия', '', '', '', ''),
(466, 'Анна', '', '', '', ''),
(467, 'Мария', '', '', '', ''),
(468, 'Елена', '', '', '', ''),
(469, 'Юлия', '', '', '', ''),
(470, 'Анна', '', '', '', ''),
(471, 'Александра', '', '', '', ''),
(472, 'Елена', 'Тюленева', '', 'АО \"ЕЭТП\"', ''),
(473, 'Римма', '', '', '', ''),
(474, 'Михаил', '', '', '', ''),
(475, 'Татьяна', 'Сусалёва', '', '', ''),
(476, 'Валентина', 'Березина', '', '', ''),
(477, 'Софья', '', '', '', ''),
(478, 'Анна', '', '', '', ''),
(479, 'Мария', 'Слесарева', '', '', ''),
(480, 'Полина', '', '', '', ''),
(481, 'Егор', '', '', '', ''),
(482, 'Ильяс', '', '', '', ''),
(483, 'Максим', '', '', '', ''),
(484, 'Елена', '', '', '', ''),
(485, 'Василиса', '', '', '', ''),
(486, 'Алексей', '', '', '', ''),
(487, 'Ресул', '', '', '', ''),
(488, 'Максим', 'Таболо', '', '', ''),
(489, 'Милена', '', '', '', ''),
(490, 'Ульяна', '', '', '', ''),
(491, 'Никита', '', '', '', ''),
(492, 'Лилия', '', '', '', ''),
(493, 'Анастасия', 'Андропова', '', 'СГСПУ', ''),
(494, 'Evg', '', '', '', ''),
(495, 'Екатерина', 'Бушкова', '', '', ''),
(496, 'GA', '', '', '', ''),
(497, 'Алена', '', '', '', ''),
(498, 'Татьяна', '', '', '', ''),
(499, 'Ирина', '', '', '', ''),
(500, 'Светлана', 'Грищук-Бучка', '', 'Адвокат, патентный поверенный, Республика Молдова', ''),
(501, 'Евгения', '', '', '', ''),
(502, 'Юрий', '', '', '', ''),
(503, 'Ольга', '', '', '', ''),
(504, 'Екатерина', '', '', '', ''),
(505, 'Евгений', '', '', '', ''),
(506, 'Алексей', '', '', '', ''),
(507, 'Александр', '', '', '', ''),
(508, 'Татьяна', '', '', '', ''),
(509, 'Анастасия', '', '', '', ''),
(510, 'Ксения', 'Суркова', '', '', ''),
(511, 'Сергей', '', '', '', ''),
(512, 'Вероника', '', '', '', ''),
(513, 'Мария', '', '', '', ''),
(514, 'Дарья', 'Фортунатова', '', '', ''),
(515, 'Лидия', 'Татарчук', '', '', ''),
(516, 'Валентина', 'Косова', '', '', ''),
(517, 'Екатерина', 'Щинова', '', '', ''),
(518, 'Надежда', 'Харинова', '', '', ''),
(519, 'Светлана', 'Тарасова', '', '', ''),
(520, 'Елизавета', 'Андрейченко', '', '', ''),
(521, 'Екатерина', 'Иванова', '', '', ''),
(522, 'Ольга', 'Хворостова', '', '', ''),
(523, 'Нина', 'Романеева', '', '', ''),
(524, 'Евгения', 'Кузищина', '', '', ''),
(525, 'Кирилл', 'Гершанов', '', '', ''),
(526, 'Мария', 'Васянина', '', '', ''),
(527, 'Ольга  че', '', '', '', ''),
(528, 'Роман', 'Матюшенков', '', 'Positive Technologies (ранее O2 Consulting)', ''),
(529, 'Наталья', 'Капитонова', '', 'Битрикс24', ''),
(530, 'Юлия', 'Берестнева', '', 'ООО \"ВЕРИТА\"', ''),
(531, 'Иван', 'Киселев', '', 'ГРАВИТОН', ''),
(532, 'Мария', 'Унанян', '', 'АО Сандоз', ''),
(533, 'Александр', 'Аникеев', '', 'Юридика', ''),
(534, 'Екатерина', 'Скопинова', '', 'В декрете', ''),
(535, 'Кристина', 'Казгова', '', 'АО Группа СВЭЛ', ''),
(536, 'Шермет', 'Курбанов', '', 'SEAMLESS Legal', ''),
(537, 'Владислав', 'Григоржевский', '', 'ICWT', ''),
(538, 'Дмитрий', 'Величко', '', 'Евросиб', ''),
(539, 'Галина', 'Скобкарева', '', 'ООО \"Белбренд Консалт\"', ''),
(540, 'Александр', 'Волосников', '', 'ТюмГУ', ''),
(541, 'Лиза', 'Андреева', '', '', ''),
(542, 'Екатерина', 'Скрипченко', '', '', ''),
(543, 'Ольга', 'Григорьева', '', '', ''),
(544, 'Алексей', 'Семынин', '', '', ''),
(545, 'Наталья', 'Халилова', '', '', ''),
(546, 'Елена', 'Кораблева', '', '', ''),
(547, 'Анна', 'Васильева', 'Александровна', '', ''),
(548, 'Денис', 'Слуцкер', '', '', ''),
(549, 'Вероника', 'Одинцова', '', '', ''),
(550, 'Елена', 'Лабарешных', '', '', ''),
(551, 'Яна', 'Нижельская', '', '', ''),
(552, 'Александра', 'Матвейчук', '', '', ''),
(553, 'Чулпан', 'Биккинина', '', '', ''),
(554, 'Дина', 'Кузнецова', '', '', ''),
(555, 'Екатерина', '', '', '', ''),
(556, 'Альбина', 'Гудкова', '', '', ''),
(557, 'Екатерина', 'Коник', '', 'Quattor Advisory', ''),
(558, 'Марина', 'Кулакова', '', '', ''),
(559, 'Матвей', 'Берестов', '', '', ''),
(560, 'Ирина', 'Дмитрян', '', '', ''),
(561, 'Наталья', 'Смирнова', '', '', ''),
(562, 'Мария', 'Дудина', 'Андреевна', '', '; Email: <MariaDudina95@yandex.ru> email_id: <619> перепривязан к клиенту id <397>; Продажа ID: <1031> product_id: <17> перепривязана к клиенту id <397>;'),
(563, 'Денис', 'Волков', '', '', ''),
(564, 'Валентина', 'Стукалова', '', '', ''),
(565, 'Юлия', 'Мамонтова', '', '', ''),
(566, 'Алиса', 'Ефремова', '', '', ''),
(567, 'Елена', 'Ивашко', 'Витальевна', '', ''),
(568, 'Юрий', 'Апухтин', '', '', ''),
(569, 'Мария', 'Кузьмина', '', '', ''),
(570, 'Артем', 'Штрауб', '', '', ''),
(571, 'Виктория', 'Жигалева', '', '', ''),
(572, 'Светлана', 'Крестелева', '', '', ''),
(573, 'Мария', 'Егоркина', '', '', ''),
(574, 'Илюза', 'Махиянова', '', '', ''),
(575, 'Мария', 'Алексеева', '', '', ''),
(576, 'Азат', '', '', '', ''),
(577, 'Елизавета', 'Кожухарова', '', 'versus.legal', ''),
(578, 'Зоряна', 'Милько', '', '', ''),
(579, 'Ирина', 'Кутузова', '', '', ''),
(580, 'Виктория', '', '', '', ''),
(581, 'Дарья', 'Пономарева', '', '', ''),
(582, 'Татьяна', 'Мин', '', 'Диджитал Комплаенс', ''),
(583, 'Денис', 'Слуцкер', '', '', ''),
(584, 'Александр', 'Никулин', '', '', ''),
(585, 'Ольга', 'Зиновьева', '', '', ''),
(586, 'Марина', 'Гринько', '', '', ''),
(587, 'Марианна', 'Спиридонова', '', '', ''),
(588, 'Адель', '', '', '', ''),
(589, 'Анна', 'Григорьева', '', '', ''),
(590, 'Илария', 'Горнакова', '', '', ''),
(591, 'Екатерина', 'Баранахина', '', 'Черкизово', ''),
(592, 'Илья', 'Батарев', '', '', 'написала на почту'),
(593, 'Максим', 'Черпак', '', 'Яндекс', ''),
(594, 'Мария', 'Шкаброва', '', '\"ТестГен\"', 'ТГ по номеру'),
(595, 'Мария', 'Ларина', '', 'Островок', ''),
(596, 'Ирина', 'Елахова', '', 'ГК СОЛАР', ''),
(597, 'Дарья', 'Житкова', '', 'Яндекс GO', ''),
(598, 'Яна', 'Сапегина', '', '', ''),
(599, 'Вера', 'Архипова', '', 'ООО траст', ''),
(600, 'Михаил', 'Пирнавский', '', 'Сибинтек', ''),
(601, 'Диана', 'Шаклина', '', '', ''),
(602, 'Виктория', 'Ольхова', '', '', ''),
(603, 'Вероника', 'Комина', '', '', ''),
(604, 'Татьяна', 'Лузенина', '', '', ''),
(605, 'Мария', 'Тимохина', '', '', ''),
(606, 'Дарья', 'Назарова', '', '', ''),
(607, 'Елена', 'Артемьева', '', '', ''),
(608, 'Евгений', 'Фокин', '', '', ''),
(609, 'Анастасия', 'Сенкевич', '', '', ''),
(610, 'Анна', 'Дзасеева', '', '', ''),
(611, 'Александра', 'Галкина', '', 'Семенов и певзнет', ''),
(612, 'Наталья', 'Евдокушина', '', '', ''),
(613, 'Анна', 'Сидорова', '', 'Юнилевер', ''),
(614, 'Анастасия', 'Некрасова', '', '', ''),
(615, 'Анна', 'Румянцева', '', '', ''),
(616, 'Екатерина', 'Шемереко', '', '', '');

-- --------------------------------------------------------

--
-- Структура таблицы `clients_email`
--

DROP TABLE IF EXISTS `clients_email`;
CREATE TABLE IF NOT EXISTS `clients_email` (
  `email_id` int NOT NULL AUTO_INCREMENT,
  `client_id` int NOT NULL,
  `email` varchar(100) CHARACTER SET utf8mb4 COLLATE utf8mb4_0900_ai_ci NOT NULL,
  PRIMARY KEY (`email_id`),
  UNIQUE KEY `email` (`email`),
  KEY `client_id` (`client_id`)
) ENGINE=InnoDB AUTO_INCREMENT=679 DEFAULT CHARSET=utf8mb4 COLLATE=utf8mb4_0900_ai_ci;

--
-- Дамп данных таблицы `clients_email`
--

INSERT INTO `clients_email` (`email_id`, `client_id`, `email`) VALUES
(1, 1, 'jkitaeva@mail.ru'),
(2, 2, 'chris.nikitina@gmail.com'),
(3, 3, 'info@itpatent.ru'),
(4, 4, 'natalya@epifantseva.ru'),
(5, 5, 'poiskdela@mail.ru'),
(6, 6, 'zalibay30@gmail.com'),
(7, 7, 'golosova98@yandex.ru'),
(8, 8, 'kornienko_2004@mail.ru'),
(9, 9, 'nkiriukhina2012@yandex.ru'),
(10, 10, 'masinilaw17@gmail.com'),
(11, 11, 'iplab.de@gmail.com'),
(12, 12, 'tnemonova@mail.ru'),
(13, 13, 'katerina.polikanova@bk.ru'),
(14, 14, 'siordia.mg@gmail.com'),
(15, 15, 'styfanovaoksana@gmail.com'),
(16, 16, 'p.kormina2013@yandex.ru'),
(17, 17, 'lesiachizheva@gmail.com'),
(18, 18, 'smol.sasha@mail.ru'),
(19, 19, 'gorevoy_e@mail.ru'),
(20, 20, 'plaksinadiana@icloud.com'),
(21, 21, 'sp@polyak.io'),
(22, 22, 'va@polyak.io'),
(23, 23, 'moltschanowa@gmail.com'),
(24, 24, 'profi.veronika@sboretc.ru'),
(25, 25, 'Solom.ka@mail.ru'),
(26, 26, 'olga.maryukhina@gmail.com'),
(27, 27, 'info@sinnatalie.ru'),
(28, 28, 'karinasorokina@bk.ru'),
(29, 29, 'irina.zemkina1997@gmail.com'),
(30, 30, 'red.fox98@mail.ru'),
(31, 31, 'eshishinova@gmail.com'),
(32, 32, 'alexandra.shultz@mail.ru'),
(33, 33, 'f.maxvello@gmail.com'),
(34, 34, 'zoryanamilko@mail.ru'),
(35, 35, 'Ikea1221@gmail.com'),
(36, 36, 'eka.polyakova@gmail.com'),
(37, 37, 'Lubchenko.nst@gmail.com'),
(38, 38, '89852780186@ya.ru'),
(39, 24, 'sboretc.veronika@yandex.ru'),
(40, 39, 'justme.wow@mail.ru'),
(41, 40, 'as@open-law.net'),
(42, 41, 'inventum-legal@yandex.ru'),
(43, 42, 'olga.babunova@gmail.com'),
(44, 43, 'inanisimova@tut.by'),
(45, 44, 'efimtsevat@mail.ru'),
(46, 45, 'doljul@yandex.ru'),
(47, 46, 'm.stasia@mail.ru'),
(48, 47, 'anna.kornilova0308@gmail.com'),
(49, 48, 'prok13115@gmail.com'),
(50, 49, 'a.smirnov@kryptonite.ru'),
(51, 50, 'natali.blinova555@gmail.com'),
(52, 51, 'Golden-domes@yandex.ru'),
(53, 52, 'Nutka_16@mail.ru'),
(54, 53, 'Lomavi16@gmail.com'),
(55, 54, 'ralko.vasilina@yandex.ru'),
(56, 55, 'aras_ova@mail.ru'),
(57, 56, 'vip.lelay@bk.ru'),
(58, 57, 'kuznetsovaiplaw@mail.ru'),
(59, 58, 'sv.romaneeva@mail.ru'),
(60, 59, '8403@apmo.ru'),
(61, 60, 'jsls@rambler.ru'),
(62, 61, 'c-majorova20-4@yandex.ru'),
(63, 62, '2922293@bk.ru'),
(64, 63, 'svetlanalialkova@gmail.com'),
(65, 64, 'rudenkov.ilia@yandex.ru'),
(66, 65, 'gijam@yandex.ru'),
(67, 66, 'ola.ra.27@mail.ru'),
(68, 67, 'usov_kirill_1997@mail.ru'),
(69, 68, 'valeria-m.jur@mail.ru'),
(70, 69, 'm8h5@rambler.ru'),
(71, 70, 'morgolin.m@gmail.com'),
(72, 35, 'Kea1221@gmail.com'),
(73, 71, 'alenasamo@yandex.ru'),
(74, 72, 'Natasha.kamaeva@inbox.ru'),
(75, 73, 'olga.a.malygina@gmail.com'),
(76, 74, 'naff333@yandex.ru'),
(77, 75, 'asivitskaya@mail.ru'),
(78, 76, 'pizovvlad@mail.ru'),
(79, 77, 'askribakova@bk.ru'),
(80, 78, 'v_alitovskaya@mail.ru'),
(81, 79, 'gav@sovet.group'),
(82, 80, 'niklen2@rambler.ru'),
(83, 81, 'Lidiaab2012@gmail.com'),
(84, 82, 'Lu_tata@mail.ru'),
(85, 83, 'dasha.kabalina@mail.ru'),
(86, 84, 'xitvaa@yandex.ru'),
(87, 85, 'nimphetamines@mail.ru'),
(88, 86, 'viktoriya.ostolopova@mail.ru'),
(89, 87, 'angelini@yandex.ru'),
(90, 88, 'kseniyakrakovskaya@yandex.ru'),
(91, 89, 'yudina.ek2016@ya.ru'),
(92, 90, 'yushkova.iplawyer@gmail.com'),
(93, 91, 'ann-vilkova@yandex.ru'),
(94, 92, 'vabramchkina@yandex.ru'),
(95, 93, 'chizlara@mail.ru'),
(96, 94, 'nlapushkina@yandex.ru'),
(97, 95, 'Superkristi88@gmail.com'),
(98, 96, 'ianastasija0507@mail.ru'),
(99, 97, 'anastassia.sinitsyna@gmail.com'),
(100, 98, 'semenov@ip.su'),
(101, 99, 'mediator.ivanova@gmail.com'),
(102, 100, 'tmlab@yandex.ru'),
(103, 101, 'mordechaivarshaver@gmail.com'),
(104, 102, 'anna.karataeva17@gmail.com'),
(105, 103, 'Reznak@inbox.ru'),
(106, 104, 'Tati.pavlenko04@gmail.com'),
(107, 105, 'andrey@tanaga.ru'),
(108, 106, 'gorshkova.katherina@gmail.com'),
(109, 107, 'elenamokrushnikova@mail.ru'),
(110, 32, 'alexandra@shultslegal.ru'),
(111, 109, 'blinova11@yandex.ru'),
(112, 110, 'lawyer-ms@yandex.ru'),
(113, 111, 'a1772387@yandex.ru'),
(114, 112, 'stepanova_di@mail.ru'),
(115, 113, 'irina.ivf@yandex.ru'),
(116, 114, 'List.world87@mail.ru'),
(117, 115, 'amber111_88@mail.ru'),
(118, 116, 'lawsupport@kontirus.ru'),
(119, 117, 'mania2009@list.ru'),
(120, 118, 'i@9062122722.ru'),
(121, 119, 'sveta.pilipko@mail.ru'),
(122, 120, 'marbykova07@mail.ru'),
(123, 121, 'ani171@icloud.com'),
(124, 122, 'khaydurov@gmail.com'),
(125, 123, 'volkova-sandra@yandex.ru'),
(126, 124, 'niura.mitkina@yandex.ru'),
(127, 125, 'als_msk@mail.ru'),
(128, 126, 'top14udm@gmail.com'),
(129, 127, 'alexander.taimasov@gmail.com'),
(130, 128, 'krylovaoa@mail.ru'),
(131, 129, 'yakuninaksenia@gmail.com'),
(132, 130, 's3ofu.7@gmail.com'),
(133, 131, 'niutka_88@mail.ru'),
(134, 132, 'evastarostina111@mail.ru'),
(135, 133, 'harabrinm@mail.ru'),
(136, 134, 'eldruz@bk.ru'),
(137, 135, 'innachervina@gmail.com'),
(138, 136, 'vera-lazareva@mail.ru'),
(139, 137, 'tsvtpp@yandex.ru'),
(140, 138, 'Bukavl1992@gmail.com'),
(141, 139, 'chymy78@mail.ru'),
(142, 140, 'aveazazello@mail.ru'),
(143, 141, 'marta.babich@wedomain.ru'),
(144, 142, '789778899789@mail.ru'),
(145, 143, 'ae_cherkasova@mail.ru'),
(146, 144, 'amuree@rambler.ru'),
(147, 145, 'kattiusss@yandex.ru'),
(148, 146, 'yulya.soloveova@mail.ru'),
(149, 147, 'meleshenko-dasha@mail.ru'),
(150, 148, 'mkeeirbo@gmail.com'),
(151, 149, 'anna.karas@mvideo.ru'),
(152, 150, 'dan-z@bk.ru'),
(153, 151, 'klaipedamore@mail.ru'),
(154, 152, 'goryachikh@kontirus.ru'),
(155, 153, 'Konsyl.92@mail.ru'),
(156, 154, 'surgenkoga@gaz.ru'),
(157, 155, 'dunaeval@yandex.ru'),
(158, 156, 'rusalochkadelmar@gmail.com'),
(159, 157, 'karina.valtameri@gmail.com'),
(160, 158, 'ShilovAN@gaz.ru'),
(161, 159, 'shesterikovalex@mail.ru'),
(162, 160, 'valeriaschuri@yandex.ru'),
(163, 161, 'Sunnysky108@gmail.com'),
(164, 162, 'ksvip@rambler.ru'),
(165, 163, 'klimenkovaav@gaz.ru'),
(166, 164, 'gubinav@gaz.ru'),
(167, 165, 'lena.kireeva-alena@yandex.ru'),
(168, 166, 'alladolganova@mail.ru'),
(169, 167, 'ewgenia0502@mail.ru'),
(170, 168, 'm-margo82@mail.ru'),
(171, 169, 'zhiharevakseniia@gmail.com'),
(172, 170, 'g.voronkova@bbcg.org'),
(173, 171, 'ella@gerontology.ru'),
(174, 172, 'lirina2003@mail.ru'),
(175, 173, 'migli2002@mail.ru'),
(176, 174, 'esgoskov@mail.ru'),
(177, 175, 'metro_rb@mail.ru'),
(178, 176, 'Sarasvatika@yandex.ru'),
(179, 177, 'ershkatrina35@gmail.com'),
(180, 178, '89064013190@mail.ru'),
(181, 94, 'lans25@yandex.ru'),
(182, 179, 't.rakultseva@brusnika.ru'),
(183, 180, 'dange@list.ru'),
(184, 181, 'misiyukova@gmail.com'),
(185, 182, 'lipatova-av@yandex.ru'),
(186, 152, 'sergeigoryachikh@gmail.com'),
(187, 183, 'juliya41235@gmail.com'),
(188, 184, 'vaflia@list.ru'),
(189, 185, 'xromenkovsergey@gmail.com'),
(190, 186, 'mozyleva_m@mail.ru'),
(191, 187, 'ann_zara@bk.ru'),
(192, 188, 'larag238r@gmail.com'),
(193, 189, 'd.pershenkova@hh.ru'),
(194, 190, 'neweshdz@gmail.com'),
(195, 191, 'a-bortsov@yandex.ru'),
(196, 192, 'ayuantonova_2@edu.hse.ru'),
(197, 193, 'andryaschin2012@yandex.ru'),
(198, 194, 'darja.masutina@gmail.com'),
(199, 195, 'wuwun4ik@gmail.com'),
(200, 196, 'a.turpanova@bk.ru'),
(201, 197, 'ninelpolyakova@mail.ru'),
(202, 11, 'dyachkovalisa@gmail.com'),
(203, 198, 'kutsenko.niki@yandex.ru'),
(204, 199, '79269101460@yandex.ru'),
(205, 200, 'zhannet20@yandex.ru'),
(206, 201, 'evliv@yahoo.com'),
(207, 200, 'papazyan.zhanna@yandex.ru'),
(208, 202, 'v.e.a07@bk.ru'),
(209, 203, 'advokat9055566656@yandex.ru'),
(210, 33, 'fedotov.maximus.law@gmail.com'),
(211, 204, 'Aslanalboroff@yandex.ru'),
(212, 205, 'Vershovskaia23@gmail.com'),
(213, 206, 'dtcs76@yandex.ru'),
(214, 207, 'shyl@sovet.group'),
(215, 208, 'Yurist_ft@mail.ru'),
(216, 209, 'itshomicide@gmail.com'),
(217, 210, 'a.shindin@altuera.com'),
(218, 211, 'ng.ivanov@yandex.ru'),
(219, 212, 'tatadvocat@gmail.com'),
(220, 213, 'c.galich@me.com'),
(221, 214, 'anna.bolshakova@bgp.law'),
(222, 215, 'adilya92@mail.ru'),
(223, 216, 'alina.seroshtan@gmail.com'),
(224, 217, 'Lizavetak@yandex.ru'),
(225, 6, 'zalibay@gmail.com'),
(226, 218, 'tdzeboev@gmail.com'),
(227, 219, 'dasharich@rambler.ru'),
(228, 220, 'drozdova964@ya.ru'),
(229, 221, 'isr1979@mail.ru'),
(230, 222, 'gulnaz.kiryak@gmail.com'),
(231, 223, 'anna.zhurbenko@knauf.com'),
(232, 224, 'senny_sennik@mail.ru'),
(233, 225, 'jeneva2612@yandex.ru'),
(234, 226, 'trinitrotouene@gmail.com'),
(235, 227, 'dariaadashaa@gmail.com'),
(236, 228, 'astonandreykoa@yandex.ru'),
(237, 229, 'okashtanova@gmail.com'),
(238, 230, 'horeva.o@yandex.ru'),
(239, 231, 'lmk12light@mail.ru'),
(240, 232, 'd.lisnaya@mail.ru'),
(241, 233, '11111178@inbox.ru'),
(242, 234, 'mansur.radikov@gmail.com'),
(243, 235, 'l.ana@bk.ru'),
(244, 236, 'seventeenblackofficial@mail.ru'),
(245, 237, 'amullagaliev@itpatent.ru'),
(246, 238, 'vasilenko_nata@bk.ru'),
(247, 239, 'valeriya131@yandex.ru'),
(248, 240, 'yurist-bm@yandex.ru'),
(249, 241, 'a9037997008@gmail.com'),
(250, 242, 'bolshakovaae@yandex.ru'),
(251, 235, 'ann.laptiakru@gmail.com'),
(252, 243, 'zairaibragimova@yandex.ru'),
(253, 244, 'dchepis@gmail.com'),
(254, 245, 'azazel777@yandex.ru'),
(255, 246, 'Melikhov@mosdigitals.ru'),
(256, 247, 'Berlovkd@gmail.com'),
(257, 248, 'Nikolaeva_n_a@mail.ru'),
(258, 249, 'Uzh.nikolai@yandex.ru'),
(259, 250, 'natalia.piliposyan@yandex.ru'),
(260, 251, 'elena6uryak@gmail.com'),
(261, 252, 'alyonka.che@yandex.ru'),
(262, 253, 'timoshkina8428@gmail.com'),
(263, 254, 'arzamazovaurist@gmail.com'),
(264, 255, 'trek_caste.0x@icloud.com'),
(265, 256, 'ann-martynova@yandex.ru'),
(266, 257, 'prosto.olgaa@yandex.ru'),
(267, 224, 'senny.sennik@gmail.com'),
(268, 258, 'Ilmarinen8@mail.ru'),
(269, 259, 'katerina_star07@mail.ru'),
(270, 260, 'kussmaul@yandex.ru'),
(271, 261, '79139081824@ngs.ru'),
(272, 262, 'revelation.theron@gmail.com'),
(273, 263, 'zakazpa@mail.ru'),
(274, 189, 'dkiseleva.9@gmail.com'),
(275, 264, 'alenaneskoromyk@gmail.com'),
(276, 265, 'constantaprof@gmail.com'),
(277, 221, 'isr1969@mail.ru'),
(278, 221, 'reznikova@gardium.ru'),
(279, 4, 'ntl-al@mail.ru'),
(280, 266, 'a_silkin@sotex.ru'),
(281, 267, 'vestnikip.ru@gmail.com'),
(282, 268, 'cool200488@mail.ru'),
(283, 269, 'kozlovatv77@yandex.ru'),
(284, 270, 'drozdn.spb@mail.ru'),
(285, 271, 'katyanina124@gmail.com'),
(286, 161, 'sunnysky108@yandex.ru'),
(287, 272, 'avdee.olia@yandex.ru'),
(288, 273, 'madam.kurasowa1998@yandex.ru'),
(289, 274, 'k5517080@gmail.com'),
(290, 275, 'nikob500@yandex.ru'),
(291, 276, 'olgbol@mail.ru'),
(292, 277, 'sma1229@yandex.ru'),
(293, 278, 'irina.filonova@emergingtravel.com'),
(294, 279, 'khayrov59@yandex.ru'),
(295, 280, 'annkogen@yandex.ru'),
(296, 281, 't.churbakova@ais-agency.ru'),
(297, 282, 'lovezhik@yandex.ru'),
(298, 283, 'anastasia3005@yandex.ru'),
(299, 284, 'noir-sur-blanc@yandex.ru'),
(300, 285, 'somnium94@mail.ru'),
(301, 286, 'vutin.ve@gmail.com'),
(302, 287, 'av.berezhnaya12@gmail.com'),
(303, 288, 'monnnstera@yandex.ru'),
(304, 289, 'a.shilina@dodopizza.com'),
(305, 290, 'advokat.shilina@gmail.com'),
(306, 291, 'eip86@yandex.ru'),
(307, 73, 'olamal160496@list.ru'),
(308, 292, 'rubcatherine@gmail.com'),
(309, 293, 'katrin.mihailova@yandex.ru'),
(310, 294, 'vicundia@mail.ru'),
(311, 295, 'esmorodinov@yandex.ru'),
(312, 296, 'p-olina@yandex.ru'),
(313, 297, 'vika.sinel@yandex.ru'),
(314, 298, 'eaoberemok@mail.ru'),
(315, 299, 'marg.888@mail.ru'),
(316, 300, 'oko273@mail.ru'),
(317, 301, 'yakimenkoad@mail.ru'),
(318, 302, 'maya_mahkamova@mail.ru'),
(319, 303, 'Yan.vashkin@yandex.ru'),
(320, 304, 'makhianova.99@mail.ru'),
(321, 305, 'jsm62@yandex.ru'),
(322, 306, 'a.r.shakhbazyan@gmail.com'),
(323, 307, 'anastacia_111@bk.ru'),
(324, 308, 'minoza@mail.ru'),
(325, 309, 'abulda@yandex.ru'),
(326, 310, 'leto04@yandex.ru'),
(327, 311, 'Advocatemary@yandex.ru'),
(328, 312, 'ivkina.1706@mail.ru'),
(329, 24, 'veronika.sboretc@yandex.ru'),
(330, 313, 'alexrigert@yandex.ru'),
(331, 314, 'ershkatrina35@yahoo.com'),
(332, 315, 'butters@list.ru'),
(333, 316, 'ravils1990@yandex.ru'),
(334, 317, 'Yakoffservice@yandex.ru'),
(335, 318, 'tcaregorodceva@ya.ru'),
(336, 319, 'khrustal.dmitry@gmail.c'),
(337, 320, 'shurtakovae@yandex.ru'),
(338, 321, 'novi-vera@yandex.ru'),
(339, 52, 'Lawyer-anna@mail.ru'),
(340, 94, 'n.solodkova@postgrespro.ru'),
(341, 47, 'a.kornilova@so-ipr.com'),
(342, 322, 'tuzova981@gmail.com'),
(343, 323, 'Help@ipjen.net'),
(344, 324, 'feofirisha@mail.ru'),
(345, 325, 'lvaleri25@gmail.com'),
(346, 326, 'biyukov_eldar@mail.ru'),
(347, 327, 'olga.muravenkova@strana.com'),
(348, 328, 'Kakorina@nanoprotech.global'),
(349, 329, 'Therassokhina@gmail.com'),
(350, 330, 'irina-manenkova@mail.ru'),
(351, 331, 'ilyana.lipatova@yandex.ru'),
(352, 332, 'Ya@adubrovina.ru'),
(353, 333, 'kolesnike@onlinepatent.ru'),
(354, 334, 'Terentyev@uk-consulting.ru'),
(355, 335, 'a.dzaseeva@hh.ru'),
(356, 336, 'manakov@uk-consulting.ru'),
(357, 337, 'lama.group@mail.ru'),
(358, 338, 'ielakhova@gmail.com'),
(359, 339, 'gleb.sitnickow@yandex.ru'),
(360, 192, 'alexandra.russu@birchlegal.ru'),
(361, 340, 'Enokaeva.sofia@gmail.com'),
(362, 30, 'voloshin.1998@mail.ru'),
(363, 341, 'ppolina14@gmail.com'),
(364, 342, '89852770186@ya.ru'),
(365, 343, '4tretyakovaov@gmail.com'),
(366, 344, 'Maryasowa.d@yandex.ru'),
(367, 345, 'en.golovanova@gmail.com'),
(368, 346, 'babintseva.irina@gmail.com'),
(369, 347, 'zimenkon@yandex.ru'),
(370, 348, 'ol.v.isaeva@ya.ru'),
(371, 349, 'habar_1@rambler.ru'),
(372, 350, 'tab-1@mail.ru'),
(373, 351, 'etirosyan@gmail.com'),
(374, 352, 'podkolzina51@yandex.ru'),
(375, 353, 'julia@apttech.ru'),
(376, 354, 'sokolova_eo@inbox.ru'),
(377, 355, 'olga@ezybrand.ru'),
(378, 356, 'ntuip@yandex.ru'),
(379, 223, 'an.zhurbenko@gmail.com'),
(380, 357, 'elena.shumakova@planarchel.ru'),
(381, 358, 'mihailova78239@yandex.ru'),
(382, 37, 'Lubchenko-nst@gmail.com'),
(383, 359, 'Katerina-potanina@mail.ru'),
(384, 333, 'esonina@mail.ru'),
(385, 360, 'mariaporokhnya999@yandex.ru'),
(386, 361, 'Lena_polevaya@mail.ru'),
(387, 335, 'dzaseeva.a@gmail.com'),
(388, 362, '79234347770@yandex.ru'),
(389, 363, 'Ov.aksenova@gap-rs.ru'),
(390, 364, 'agata@rost-patent.ru'),
(391, 365, 'a.antonik@bk.ru'),
(392, 366, 'nataliya_skotnikova@mail.ru'),
(393, 344, 'D.Maryasova@krastsvetmet.ru'),
(394, 367, 'Slezinka000@mail.ru'),
(395, 368, 'sveta_aldarova_81@mail.ru'),
(396, 369, 'kristina@delokzn.ru'),
(397, 370, 'Olga.uchaeva@rb.com'),
(398, 371, 'annagorodkirov@mail.ru'),
(399, 372, 'dashavyatleva@gmail.com'),
(400, 373, 'orlanna88@mail.ru'),
(401, 374, 'yulya.ponomarenko.2002@mail.ru'),
(402, 375, '9366431@gmail.com'),
(403, 376, 'belitzvaleriya@gmail.com'),
(404, 377, 'Nikitayakovenko98@gmail.com'),
(405, 378, 'semenovs986@gmail.com'),
(406, 379, 'r.gorskaya@yandex.ru'),
(407, 380, 'Aleksa.ersh@yandex.ru'),
(408, 381, 'travnikov_dmitry@mail.ru'),
(409, 382, 'ipactive@mail.ru'),
(410, 383, 'avko@fc-zenit.ru'),
(411, 384, 'n3tjakova@yandex.ru'),
(412, 385, 'sukhova@litres.ru'),
(413, 67, 'cyprida-legal@mail.ru'),
(414, 386, 'anya.kirich@gmail.com'),
(415, 387, 'romanenko2492@gmail.com'),
(416, 388, 'extra.omnes@mail.ru'),
(417, 389, 'tatyanaglebova@yandex.ru'),
(418, 390, 'nem.eugenia@yandex.ru'),
(419, 391, 'NikolaevaN@gorodissky.com'),
(420, 392, 'itpravosurkova@yandex.ru'),
(421, 323, 'jen_neta@mail.ru'),
(422, 393, 'kvnikonorova@gmail.com'),
(423, 394, 'mari0715@yandex.ru'),
(424, 85, 'ur@bostonauto.ru'),
(425, 395, 'yu.borodko@samolet.ru'),
(426, 396, '5311256@mail.ru'),
(427, 397, 'dudinamariia@gmail.com'),
(428, 398, 'Cvesar2000@yandex.ru'),
(429, 399, 'e.romanenko@luchi.ru'),
(430, 400, 'Hristofer2014@yandex.ru'),
(431, 401, 'i9112388424@gmail.com'),
(432, 192, 'aleksaantonova@inbox.ru'),
(433, 402, 'maryan-1994@mail.ru'),
(434, 403, 'Koltsova_av@mail.ru'),
(435, 19, 'gorevoy@kontirus.ru'),
(436, 404, 'lmoryakina@gmail.com'),
(437, 405, 'svetlana.baturina@strana.com'),
(438, 406, 'drewsamoidov@yandex.ru'),
(439, 407, 'elizaveta.grekhova@strana.com'),
(440, 408, 'bakuninaKS@gmail.com'),
(441, 409, 'm.vl.belkina@gmail.com'),
(442, 410, 'mkochetkova.bip@mail.ru'),
(443, 411, 'Elena_kalina@bk.ru'),
(444, 412, 'razina@vitvet.com'),
(445, 413, 'Veronik.ivchenko@x5.ru'),
(446, 414, 'n1-r@bk.ru'),
(447, 415, 'gafiatulinalina@gmail.com'),
(448, 416, 'valpowe92@mail.ru'),
(449, 378, 'semionova.semenovs986@yandex.ru'),
(450, 417, 'Patent822@mail.ru'),
(451, 418, 'e.strebkova@gmail.com'),
(452, 419, 'anastasiia.popova@strana.com'),
(453, 420, 'yuydasha@gmail.com'),
(454, 421, 'irinakarmanlaw@gmail.com'),
(455, 422, 'A.Mazur@fdw.ru'),
(456, 423, 'emelyapolya1999@gmail.com'),
(457, 424, 'eliza.brkn@gmail.com'),
(458, 425, 'Vyacheslav.larionov1975@gmail.com'),
(459, 426, 'luckovskymax@gmail.com'),
(460, 427, 'ivanovaelena8888@mail.ru'),
(461, 428, 'inna-tarbastaeva@yandex.ru'),
(462, 429, '704795@list.ru'),
(463, 357, 'helen_tdass@mail.ru'),
(464, 430, 'ksvetochka@yahoo.com'),
(465, 431, 'brachionus1891@gmail.com'),
(466, 432, 'alya.salehova@gmail.com'),
(467, 433, 'Elena-urist2015@mail.ru'),
(468, 395, 'yuliya.borodko@mail.ru'),
(469, 434, 'tor1834004@yandex.ru'),
(470, 435, 'juliekv@yandex.ru'),
(471, 436, 'vera.giber@inbox.ru'),
(472, 57, 'kuznetsova@bbcg.org'),
(473, 437, 'yerofeeva@hse.ru'),
(474, 438, 'znapatent@mail.ru'),
(475, 439, 'u.pozdeeva@bk.ru'),
(476, 440, 'marey@group-ib.com'),
(477, 20, 'plaksina.diana@gmail.com'),
(478, 441, 'gavrilova_ekaterina15@bk.ru'),
(479, 442, 'astahov.av@inbox.ru'),
(480, 443, 'luchhiana@ya.ru'),
(481, 444, 'Ogzinovyeva@gmail.com'),
(482, 445, 'ruscorpus@bk.ru'),
(483, 446, 'catia.zolotuhina2011@yandex.ru'),
(484, 447, 'esalmashova@gmail.com'),
(485, 448, 'zalu-irina@yandex.ru'),
(486, 449, 'Olganozz@mail.ru'),
(487, 450, 'mmerkova@itpatent.ru'),
(488, 451, 'cmlt.dmitrievam@gmail.com'),
(489, 452, 'inffo_at@mail.ru'),
(490, 453, 'eremina_dianna@mail.ru'),
(491, 454, 'Q555@yandex.ru'),
(492, 81, 'lidia.butko@yandex.ru'),
(493, 455, 'lilka_9393@mail.ru'),
(494, 456, 'Anton.Masyukov@x5.ru'),
(495, 457, '9932235@mail.ru'),
(496, 29, 'ya@izemkina.ru'),
(497, 459, 'Jula251283@mail.ru'),
(498, 460, 'Ekaterina.dementiva@gmail.com'),
(499, 461, 'zyabko@rambler.ru'),
(500, 462, 'Shakirova.Alsy@gmail.com'),
(501, 463, 'isoloveva@samolet.ru'),
(502, 99, 'law-marich@yandex.ru'),
(503, 464, 'roslova@gmail.com'),
(504, 465, 'ermakova2777@mail.ru'),
(505, 466, 'anna.kindeeva@gmail.com'),
(506, 467, 'm.lapteva20@yandex.ru'),
(507, 468, 'edborul@mail.ru'),
(508, 469, 'iu.benko@yandex.ru'),
(509, 86, 'ostolopova01@icloud.com'),
(510, 470, 'annarum98@yandex.ru'),
(511, 471, 'alexandragrig775@gmail.com'),
(512, 472, 't_elena2014@mail.ru'),
(513, 473, 'rimin@mail.ru'),
(514, 474, 'ma.baldin@mail.ru'),
(515, 475, 'susalyova.juriste@mail.ru'),
(516, 476, 'valya200101@list.ru'),
(517, 477, 'sofia.silaeva2001@yandex.ru'),
(518, 478, 'a.polozova95@mail.ru'),
(519, 306, 'Annetshb@mail.ru'),
(520, 98, 'api@ip.su'),
(521, 479, 'Slesarevamo@yandex.ru'),
(522, 480, 'polly-m.molchanova@yandex.ru'),
(523, 481, 'filin.egor1994@yandex.ru'),
(524, 482, 'raxmankulov.ilyas@yandex.ru'),
(525, 483, 'm.drag@bk.ru'),
(526, 484, 'elena3.elena@ya.ru'),
(527, 485, 'vasshirenko@gmail.com'),
(528, 486, 'avarinus@mail.ru'),
(529, 26, 'maovamail@yahoo.com'),
(530, 487, 'poladovresul777@gmail.com'),
(531, 212, 'tatgal2006@yandex.ru'),
(532, 488, 'maxim_tabolo@epam.ru'),
(533, 489, 'milenagriazeva@gmail.com'),
(534, 490, 'uliana@mail2k.ru'),
(535, 491, 'nikita@newskylaw.ru'),
(536, 492, 'lilia@newskylaw.ru'),
(537, 493, 'prisma9640@gmail.com'),
(538, 494, 'R9700@ya.ru'),
(539, 495, 'bushkovak@gmail.com'),
(540, 496, 'ulysses.ssny@gmail.com'),
(541, 497, 'stepina.alena@list.ru'),
(542, 498, 'buhgaltergizatova@mail.ru'),
(543, 499, 'griffin82@mail.ru'),
(544, 500, 'svetlana_lawyet@yahoo.com'),
(545, 501, 'Juristick@yandex.ru'),
(546, 502, 'piton_3315@mail.ru'),
(547, 376, 'Belyavaya@mail.ru'),
(548, 503, 'olgamurzina25@yandex.ru'),
(549, 504, 'katerina.neshina@gmail.com'),
(550, 505, 'permm1@rambler.ru'),
(551, 475, 'jurist@clovermed.ru'),
(552, 506, 'mails17@mail.ru'),
(553, 507, 'tvoyiurist@mail.ru'),
(554, 227, 'amendment.company@gmail.com'),
(555, 508, 'taniatom@mail.ru'),
(556, 509, 'nastyagordienko456@yandex.ru'),
(557, 510, 'k.y.surkova@gmail.com'),
(558, 364, 'kvitika@yandex.ru'),
(559, 511, 'serge-toliatti@mail.ru'),
(560, 512, 'kondratowa.nika@yandex.ru'),
(561, 513, 'aronikova@mail.ru'),
(562, 514, 'fortuna495@gmail.com'),
(563, 161, 'balion54@yandex.ru'),
(564, 515, 'atarchuk1@rambler.ru'),
(565, 459, ' jula251283@mail.ru'),
(566, 281, 't.churbakova@ais-agency.pro'),
(567, 516, 'kosova.va@yandex.ru'),
(568, 517, 'gusarova-katrin@mail.ru'),
(569, 36, ' eka.polyakova@gmail.com'),
(570, 518, 'nadyaharinova@yandex-team.ru'),
(571, 519, 'slb-svetlana@yandex.ru'),
(572, 520, 'elizaveta.andreychenko@gmail.com'),
(573, 89, 'ekaterina@ur78.ru'),
(574, 521, 'kgoldenberg@mail.ru'),
(575, 522, 'xenia.khv@gmail.com'),
(576, 523, 'patentromaneev@gmail.com'),
(577, 524, 'janeeugenia@icloud.com'),
(578, 525, 'office@patgar.ru'),
(579, 526, 'm.vasyanina@rt-solar.ru'),
(580, 527, 'sov712@yandex.ru'),
(581, 528, 'romatyushenkov@mail.com'),
(582, 500, 'svetlana_lawyer@yahoo.com'),
(583, 529, 'natalya.kapitonova@gmail.com'),
(584, 530, 'berestneva@verita67.ru'),
(585, 531, 'ivangennadievich@yandex.ru'),
(586, 532, 'Maria.unanyan@sandoz.com'),
(587, 122, 'khaydurov@ya.ru'),
(588, 533, 'alex.anykeyev@gmail.com'),
(589, 534, 'kateskop@gmail.com'),
(590, 535, 'Kazgova@svel.ru'),
(591, 536, 'Kurbanov-legal@mail.ru'),
(592, 42, 'olga.chistova@corphn.com'),
(593, 537, 'gradiusalisik@gmail.com'),
(594, 538, 'Velichko.dee@gmail.com'),
(595, 539, 'buch.by@gmail.com'),
(596, 540, '9195648@mail.ru'),
(597, 541, 'andreevaliza885@gmail.com'),
(598, 542, 'e.s.skripchenko@gmail.com'),
(599, 350, ' tab-1@mail.ru'),
(600, 543, 'olga.grigoreva88@mail.ru'),
(601, 544, 'alexus911@yandex.ru'),
(602, 545, 'nat.khalilova@gmail.com'),
(603, 546, 'elenakorableva@mail.ru'),
(604, 547, 'lapekhina-anya@yandex.ru'),
(605, 548, 'ds.slutsker@gmail.com'),
(606, 549, 'v-odintsova@mail.ru'),
(607, 223, 'an.zhurbenko@mail.ru'),
(608, 550, 'bars0013@yandex.ru'),
(609, 551, 'yana._@mail.ru'),
(610, 552, 'scottishfold@mail.ru'),
(611, 553, ' bikkinina.ch@gmail.com'),
(612, 554, 'd.kuznetsova@grebneva.com'),
(613, 555, 'dio_@list.ru'),
(614, 556, 'sibirskihalbina@gmail.com'),
(615, 557, 'ekaterina.konik99@gmail.com'),
(616, 559, 'berestovm@yandex.ru'),
(617, 560, 'un-dar109@mail.ru'),
(618, 561, 'nat77nn@yandex.ru'),
(619, 397, 'MariaDudina95@yandex.ru'),
(620, 563, 'd.volkov.msal@gmail.com'),
(621, 564, 'Akilon45@mail.ru'),
(622, 565, 'stellavagantem@mail.ru'),
(623, 566, 'alisa.efremova@ispring.com'),
(624, 547, 'a.vasilieva@arenadata.io'),
(625, 567, 'e.ivashko@rt-solar.ru'),
(626, 495, 'pp@zhelezno.com'),
(627, 568, 'apukhtin@mail.ru'),
(628, 569, 'KuzminaMV@ncauto.ru'),
(629, 48, 'prokofieva@media-nn.org'),
(630, 125, 'spitsyn@invar.ru'),
(631, 570, 'shtraub@y-p.ru'),
(632, 571, 'victoria.zhigaleva@flocktory.com'),
(633, 330, 'i.manenkova@postgrespro.ru'),
(634, 36, 'ekaterina.polyakova@gs-labs.ru'),
(635, 572, 'skresteleva@diasoft.ru'),
(636, 573, 'lll999333@mail.ru'),
(637, 265, 'constantfprof@gmail.com'),
(638, 581, 'lady.pon-daria@yandex.ru'),
(639, 582, 'tatyana_min@mail.ru'),
(640, 583, 'dslutsker@diasoft.ru'),
(641, 584, 'assistratio@mail.ru'),
(642, 585, 'Olelezin@mail.ru'),
(643, 586, 'marinagrinko1982@gmail.com'),
(644, 587, 'spi-marianna@yandex.ru'),
(645, 588, 'aadelina@mail.ru'),
(646, 589, 'keyliabash@gmail.com'),
(647, 590, 'larag238r@g'),
(648, 591, 'e.baranakhina@cherkizovo.com'),
(649, 592, 'ibatarev@diasoft.ru'),
(650, 593, 'cherpakmd@yandex-team.ru'),
(651, 594, 'shkabrova@testgen.ru'),
(652, 595, 'maria.larina@ostrovok.ru'),
(653, 596, 'rtksolar@services-hr.ru'),
(654, 597, 'da.zhitkova@gmail.com'),
(655, 598, 'Jana_sapegina@mail.ru'),
(656, 599, 'varkhipova@slb.com'),
(657, 601, 'shaclina@yandex.ru'),
(658, 602, 'victoria.olhova@gmail.com'),
(659, 603, 'info@business-music.ru'),
(660, 604, 'luzenina@macroscoptrade.com'),
(661, 182, 'lipatova@testgen.ru'),
(662, 605, 'timohina.marya2014@yandex.ru'),
(663, 606, 'Nds0709@bk.ru'),
(664, 607, 'ematveeva@aflt-systems.ru'),
(665, 608, 'fokin.evgeniy@mail.ru'),
(666, 609, 'gerbeona@gmail.com'),
(667, 610, '(a.dzaseeva@hh.ru'),
(668, 360, 'mporokhnya@promomed.pro'),
(669, 611, 'amazhorova@semenovpevzner.com'),
(670, 612, 'natalia.evdokushina@rambler.ru'),
(671, 613, 'anna.sidorova@unilever-rus.ru'),
(672, 320, 'elena.shurtakova@unilever-rus.ru'),
(673, 614, 'anastasiya.nkr@yandex.ru'),
(674, 615, 'law@bebrand.site'),
(675, 57, 'kuznetsova@bebrand.site'),
(676, 616, 'Ekaterina.Shemereko@gmail.co'),
(677, 36, 'eka.polyakova@gmai.com'),
(678, 217, '@Lizaliza19');

-- --------------------------------------------------------

--
-- Структура таблицы `clients_phone`
--

DROP TABLE IF EXISTS `clients_phone`;
CREATE TABLE IF NOT EXISTS `clients_phone` (
  `phone_id` int NOT NULL AUTO_INCREMENT,
  `client_id` int NOT NULL,
  `phone` varchar(100) NOT NULL,
  PRIMARY KEY (`phone_id`),
  UNIQUE KEY `phone` (`phone`),
  KEY `client_id` (`client_id`)
) ENGINE=InnoDB AUTO_INCREMENT=613 DEFAULT CHARSET=utf8mb4 COLLATE=utf8mb4_0900_ai_ci;

--
-- Дамп данных таблицы `clients_phone`
--

INSERT INTO `clients_phone` (`phone_id`, `client_id`, `phone`) VALUES
(1, 1, '79162544885'),
(2, 2, '7969011711'),
(3, 3, '79175924280'),
(4, 4, '79268120797'),
(5, 5, '79265736796'),
(6, 6, '79262062378'),
(7, 7, '79192249388'),
(8, 8, '79057182988'),
(9, 9, '79206121130'),
(10, 10, '79154869603'),
(11, 11, '79217479224'),
(12, 12, '79165212608'),
(13, 13, '79031965791'),
(14, 14, '79057522234'),
(15, 15, '79629690926'),
(16, 16, '79831201771'),
(17, 17, '79505634736'),
(18, 18, '79663110039'),
(19, 19, '79103122650'),
(20, 20, '79150660133'),
(21, 21, '79266147479'),
(22, 22, '79265647068'),
(23, 23, '79265105864'),
(24, 24, '79265200853'),
(25, 25, '79267262806'),
(26, 26, '79262743501'),
(27, 27, '79618112611'),
(28, 28, '79636711427'),
(29, 29, '79990892971'),
(30, 29, '79145452255'),
(31, 30, '79778840328'),
(32, 31, '79163421446'),
(33, 32, '79990963151'),
(34, 33, '79685910128'),
(35, 34, '79586461919'),
(36, 35, '79163215423'),
(37, 36, '79213329479'),
(38, 35, '79163215433'),
(39, 37, '79069566655'),
(40, 38, '79852780186'),
(41, 39, '79963233011'),
(42, 40, '79262383773'),
(43, 41, '79152621543'),
(44, 42, '79859047786'),
(45, 43, '375297707329'),
(46, 44, '79999712505'),
(47, 45, '79066168484'),
(48, 46, '79169503274'),
(49, 47, '79119827260'),
(50, 48, '79200025406'),
(51, 49, '79263540110'),
(52, 50, '79817161275'),
(53, 51, '79643341219'),
(54, 52, '79063482324'),
(55, 53, '79190148809'),
(56, 54, '79998010516'),
(57, 55, '79828246079'),
(58, 56, '79654581631'),
(59, 57, '79370030706'),
(60, 58, '79277713226'),
(61, 59, '79175533800'),
(62, 60, '79190098482'),
(63, 61, '79200333316'),
(64, 62, '79082122283'),
(65, 63, '79633141026'),
(66, 64, '79214397031'),
(67, 65, '79216316622'),
(68, 62, '79082122293'),
(69, 66, '79062702513'),
(70, 67, '79826514005'),
(71, 68, '79803160312'),
(72, 69, '79052003803'),
(73, 70, '79533661882'),
(74, 71, '79873032181'),
(75, 72, '79250290769'),
(76, 73, '79660710175'),
(77, 74, '79299224128'),
(78, 75, '79166144663'),
(79, 76, '79636030699'),
(80, 77, '79092791342'),
(81, 78, '79166753969'),
(82, 79, '79129122627'),
(83, 80, '79168001148'),
(84, 81, '79191395102'),
(85, 82, '79156034449'),
(86, 83, '79258061875'),
(87, 84, '79142207805'),
(88, 85, '79173366297'),
(89, 86, '79886291034'),
(90, 87, '79060611383'),
(91, 88, '79856802484'),
(92, 89, '79215991174'),
(93, 90, '79513808223'),
(94, 91, '79165864875'),
(95, 92, '79175505576'),
(96, 93, '79197274013'),
(97, 94, '79104117612'),
(98, 95, '79154880068'),
(99, 96, '79154556197'),
(100, 97, '79165144210'),
(101, 98, '79250397533'),
(102, 99, '79221010902'),
(103, 100, '74957920140'),
(104, 101, '79259308810'),
(105, 102, '79204675353'),
(106, 103, '79869235153'),
(107, 104, '79773901752'),
(108, 105, '79183399988'),
(109, 19, '79101234567'),
(110, 106, '79853483054'),
(111, 19, '12345678901'),
(112, 107, '79039965088'),
(113, 32, '79652469748'),
(114, 109, '79852281391'),
(115, 110, '79025659767'),
(116, 111, '79771699344'),
(117, 112, '79631210966'),
(118, 113, '79161234567'),
(119, 114, '79617173355'),
(120, 115, '79088952270'),
(121, 116, '74712730414'),
(122, 117, '79199919455'),
(123, 118, '79062122722'),
(124, 119, '79827034976'),
(125, 120, '79222220938'),
(126, 121, '79181239998'),
(127, 122, '79810000000'),
(128, 123, '79160820001'),
(129, 124, '79222442721'),
(130, 125, '79197286804'),
(131, 126, '79124601103'),
(132, 69, '79581111111'),
(133, 127, '79803600130'),
(134, 128, '79259248946'),
(135, 129, '79161479726'),
(136, 130, '79996350785'),
(137, 131, '79176219426'),
(138, 132, '79990964107'),
(139, 133, '79689301182'),
(140, 134, '79220462834'),
(141, 135, '79183353487'),
(142, 136, '79134663269'),
(143, 137, '79044261421'),
(144, 138, '79143293182'),
(145, 139, '79232636463'),
(146, 140, '79154498196'),
(147, 141, '79104904147'),
(148, 142, '79104307315'),
(149, 143, '79999052342'),
(150, 144, '79262226722'),
(151, 145, '79213888548'),
(152, 146, '375291261670'),
(153, 147, '79134520006'),
(154, 148, '79042486275'),
(155, 149, '79191044102'),
(156, 150, '79035497321'),
(157, 151, '79609817612'),
(158, 152, '79191323641'),
(159, 153, '79991212018'),
(160, 154, '79100586074'),
(161, 155, '79035756642'),
(162, 156, '79857610659'),
(163, 157, '79533736553'),
(164, 158, '79303429271'),
(165, 159, '79189336050'),
(166, 160, '79992036952'),
(167, 161, '79059546797'),
(168, 162, '79197669795'),
(169, 163, '79159421644'),
(170, 164, '79056638761'),
(171, 165, '79675349562'),
(172, 166, '79222022800'),
(173, 167, '79522031440'),
(174, 168, '79269623445'),
(175, 169, '79879803516'),
(176, 170, '79125800760'),
(177, 171, '79219320924'),
(178, 172, '79059592269'),
(179, 173, '79101628068'),
(180, 174, '79039494950'),
(181, 175, '79166268549'),
(182, 176, '79615151196'),
(183, 177, '79852529808'),
(184, 178, '79999999999'),
(185, 179, '79122132825'),
(186, 180, '79031815828'),
(187, 181, '79127414905'),
(188, 182, '79170631983'),
(189, 183, '79104486090'),
(190, 184, '79319631816'),
(191, 185, '79771927267'),
(192, 186, '79299111942'),
(193, 187, '79991852786'),
(194, 188, '79607539528'),
(195, 189, '79162415690'),
(196, 190, '79291111632'),
(197, 191, '79037920140'),
(198, 192, '79661213682'),
(199, 193, '79005620042'),
(200, 194, '79253701179'),
(201, 195, '79163869019'),
(202, 196, '79772632706'),
(203, 197, '79036787551'),
(204, 198, '79251464150'),
(205, 199, '79269101460'),
(206, 200, '79180175565'),
(207, 201, '79857690081'),
(208, 202, '79041097651'),
(209, 203, '79055566656'),
(210, 204, '79313150780'),
(211, 205, '79992217169'),
(212, 206, '79258650575'),
(213, 207, '79673655450'),
(214, 208, '79234772232'),
(215, 211, '79852282706'),
(216, 217, '79853325125'),
(217, 218, '79188268381'),
(218, 219, '79022569388'),
(219, 220, '79126702235'),
(220, 19, '1234567890'),
(221, 221, '79104276961'),
(222, 222, '79611928284'),
(223, 223, '79268224791'),
(224, 224, '79608320673'),
(225, 225, '79203480890'),
(226, 226, '79234389264'),
(227, 227, '79117219546'),
(228, 228, '79250595728'),
(229, 229, '79165626633'),
(230, 230, '79772995062'),
(231, 231, '79039999999'),
(232, 232, '79220277250'),
(233, 233, '79099233857'),
(234, 234, '79127541017'),
(235, 235, '79773836935'),
(236, 236, '79124514099'),
(237, 237, '79172445544'),
(238, 238, '79057771176'),
(239, 239, '79126491802'),
(240, 240, '79521933242'),
(241, 241, '7903177008'),
(242, 242, '79260743686'),
(243, 2, '79690117117'),
(244, 243, '79152178671'),
(245, 244, '79169944423'),
(246, 245, '79639214370'),
(247, 246, '79165254569'),
(248, 247, '79191757942'),
(249, 248, '79169054816'),
(250, 249, '79260505709'),
(251, 250, '79651227727'),
(252, 251, '79646428977'),
(253, 252, '79853053662'),
(254, 253, '79645848428'),
(255, 254, '79775303181'),
(256, 255, '79956090604'),
(257, 256, '79154518191'),
(258, 212, '79647000003'),
(259, 257, '79162191193'),
(260, 113, '79169166973'),
(261, 258, '79102662307'),
(262, 259, '79673620250'),
(263, 260, '79281578010'),
(264, 261, '79139081824'),
(265, 262, '79106905665'),
(266, 263, '79262042092'),
(267, 264, '79163631423'),
(268, 265, '79150075174'),
(269, 266, '79258368554'),
(270, 267, '79269074120'),
(271, 268, '79811323899'),
(272, 19, '71234567890'),
(273, 269, '79206853170'),
(274, 270, '79215863285'),
(275, 271, '79151576020'),
(276, 272, '79289031033'),
(277, 273, '79510836074'),
(278, 274, '79217868163'),
(279, 275, '79060632929'),
(280, 276, '79104537798'),
(281, 277, '79063344950'),
(282, 278, '79858199445'),
(283, 279, '35796756086'),
(284, 280, '79604821593'),
(285, 281, '79261868230'),
(286, 282, '79615821521'),
(287, 283, '79222042396'),
(288, 284, '79161716181'),
(289, 285, '79643707015'),
(290, 286, '79151839092'),
(291, 287, '79493373201'),
(292, 288, '79500018881'),
(293, 289, '79175502290'),
(294, 290, '79181641021'),
(295, 291, '79166058097'),
(296, 292, '79213209883'),
(297, 293, '79219839610'),
(298, 294, '79055240538'),
(299, 295, '79536729920'),
(300, 296, '79295291559'),
(301, 297, '79117613308'),
(302, 298, '79818151335'),
(303, 299, '79187227356'),
(304, 300, '79169638854'),
(305, 301, '79140703552'),
(306, 295, '79635525126'),
(307, 122, '79817579335'),
(308, 302, '7998850690'),
(309, 303, '79519244864'),
(310, 304, '79163279916'),
(311, 305, '79521207329'),
(312, 306, '79645919998'),
(313, 307, '79165987574'),
(314, 215, '79267565392'),
(315, 308, '79091583656'),
(316, 309, '79851878733'),
(317, 310, '79055085022'),
(318, 311, '79376464200'),
(319, 312, '79685001706'),
(320, 313, '79644951631'),
(321, 317, '79950051725'),
(322, 318, '79035002385'),
(323, 320, '79032021609'),
(324, 322, '79854450475'),
(325, 323, '79264272545'),
(326, 324, '79788082479'),
(327, 325, '79160449191'),
(328, 326, '79104822719'),
(329, 327, '79220041006'),
(330, 328, '79268159819'),
(331, 329, '79160388711'),
(332, 330, '79169390516'),
(333, 331, '79523677424'),
(334, 332, '79162066247'),
(335, 333, '79263548858'),
(336, 334, '79099109626'),
(337, 335, '79163869726'),
(338, 336, '79263093777'),
(339, 337, '79128977797'),
(340, 338, '79819750509'),
(341, 339, '79175405962'),
(342, 340, '79637776070'),
(343, 341, '79217782636'),
(344, 36, '79213329469'),
(345, 342, '79852770186'),
(346, 343, '79161519019'),
(347, 344, '79504220787'),
(348, 345, '79165896421'),
(349, 346, '79130062912'),
(350, 347, '79261622450'),
(351, 348, '79150917047'),
(352, 349, '79032643235'),
(353, 350, '79265984792'),
(354, 351, '79067826108'),
(355, 352, '79155859591'),
(356, 353, '79169385383'),
(357, 354, '79167852343'),
(358, 355, '79266806368'),
(359, 356, '79232975728'),
(360, 357, '79058364248'),
(361, 358, '79128819750'),
(362, 359, '79153983430'),
(363, 360, '79175926888'),
(364, 361, '79267690860'),
(365, 362, '79234347770'),
(366, 363, '79061508757'),
(367, 364, '79032001494'),
(368, 365, '79523812924'),
(369, 366, '79107975001'),
(370, 367, '79268372428'),
(371, 368, '79777809254'),
(372, 369, '79173912920'),
(373, 370, '79533212265'),
(374, 371, '79123698001'),
(375, 372, '79281843929'),
(376, 373, '79308540873'),
(377, 374, '79779617803'),
(378, 375, '79169366431'),
(379, 376, '79500427337'),
(380, 377, '79832317794'),
(381, 378, '79213411547'),
(382, 379, '79169513271'),
(383, 380, '79169281237'),
(384, 381, '79265761685'),
(385, 382, '79271414488'),
(386, 383, '79310000871'),
(387, 384, '79615157433'),
(388, 385, '79057374639'),
(389, 386, '79213752322'),
(390, 387, '79279331433'),
(391, 388, '79165324007'),
(392, 389, '79165831356'),
(393, 390, '79818224880'),
(394, 391, '79162917700'),
(395, 392, '79897229406'),
(396, 393, '79254007527'),
(397, 394, '79110970949'),
(398, 395, '79035013208'),
(399, 396, '79295311256'),
(400, 397, '79108609161'),
(401, 398, '79656201810'),
(402, 399, '79990380045'),
(403, 400, '79603430902'),
(404, 401, '700000000000'),
(405, 402, '79853496196'),
(406, 403, '79858335100'),
(407, 404, '79118637140'),
(408, 405, '79199403888'),
(409, 406, '79648322645'),
(410, 407, '79827729614'),
(411, 408, '79201054651'),
(412, 409, '79153788393'),
(413, 410, '79867589621'),
(414, 411, '79250000000'),
(415, 412, '79139077279'),
(416, 413, '79202142222'),
(417, 414, '79110912384'),
(418, 415, '79127423884'),
(419, 416, '79253118031'),
(420, 417, '79015460746'),
(421, 418, '79162200873'),
(422, 419, '79612062226'),
(423, 420, '79030173815'),
(424, 423, '79600466600'),
(425, 424, '79036720228'),
(426, 425, '79150564452'),
(427, 427, '79055398825'),
(428, 428, '79130080429'),
(429, 429, '79539754795'),
(430, 94, '79104082548'),
(431, 430, '79110229266'),
(432, 69, '79650344723'),
(433, 431, '79265340302'),
(434, 432, '79100021019'),
(435, 433, '79518011137'),
(436, 434, '79160160569'),
(437, 435, '79670084439'),
(438, 436, '79164251323'),
(439, 437, '79164266313'),
(440, 438, '79064961508'),
(441, 439, '79628603252'),
(442, 440, '79031064126'),
(443, 441, '79537930256'),
(444, 444, '79167777777'),
(445, 445, '79127487750'),
(446, 446, '79224123483'),
(447, 447, '79775293881'),
(448, 448, '79021621660'),
(449, 449, '79269810782'),
(450, 450, '79213374461'),
(451, 451, '79202110727'),
(452, 452, '79263088310'),
(453, 453, '79169996840'),
(454, 454, '79058591965'),
(455, 455, '79504033713'),
(456, 456, '79998887733'),
(457, 457, '79032233250'),
(458, 29, '79252719744'),
(459, 459, '79200196397'),
(460, 460, '79213330181'),
(461, 461, '79636858908'),
(462, 462, '79872106224'),
(463, 463, '79152686062'),
(464, 464, '79166562522'),
(465, 465, '79686872001'),
(466, 43, '79161745714'),
(467, 466, '79035702326'),
(468, 467, '79826408407'),
(469, 468, '79778468700'),
(470, 469, '79205236153'),
(471, 470, '79953617715'),
(472, 471, '79653126027'),
(473, 472, '79168460248'),
(474, 473, '79645149998'),
(475, 474, '78888888888'),
(476, 475, '79260722247'),
(477, 476, '79013687645'),
(478, 477, '79832371527'),
(479, 478, '79091556486'),
(480, 479, '79503511725'),
(481, 480, '79779285908'),
(482, 481, '79858973181'),
(483, 482, '79084572389'),
(484, 483, '79152791834'),
(485, 484, '79177138893'),
(486, 485, '79217520238'),
(487, 486, '79036749625'),
(488, 487, '79668205605'),
(489, 488, '79037300080'),
(490, 489, '79773851167'),
(491, 19, '91234567890'),
(492, 490, '79157227729'),
(493, 491, '79151423620'),
(494, 492, '79260546572'),
(495, 493, '79179540736'),
(496, 494, '74951234567'),
(497, 495, '79005271339'),
(498, 496, '79252563705'),
(499, 497, '79854223089'),
(500, 498, '79132254228'),
(501, 499, '79175508270'),
(502, 500, '37369690868'),
(503, 501, '79089128360'),
(504, 502, '79213108809'),
(505, 503, '79104919403'),
(506, 504, '79218925342'),
(507, 505, '79028092520'),
(508, 506, '79129746239'),
(509, 507, '79168460818'),
(510, 508, '79803612728'),
(511, 509, '79197290401'),
(512, 510, '79218723881'),
(513, 511, '79874634897'),
(514, 512, '79817107929'),
(515, 513, '79150597818'),
(516, 514, '79165378631'),
(517, 515, '79095702505'),
(518, 516, '79650028381'),
(519, 517, '79191077080'),
(520, 518, '79867276389'),
(521, 519, '79137756584'),
(522, 476, '79013687645Валентина.79247232864Лилия'),
(523, 520, '79057976265'),
(524, 521, '79067429558'),
(525, 522, '79168116371'),
(526, 523, '79023764156'),
(527, 524, '79037159721'),
(528, 50, '79817161277'),
(529, 525, '79163945153'),
(530, 526, '79827044113'),
(531, 527, '73456787654'),
(532, 528, '79685360855'),
(533, 529, '79110730122'),
(534, 530, '79107297819'),
(535, 531, '79659334112'),
(536, 532, '7985781782'),
(537, 533, '77476293141'),
(538, 534, '79164172632'),
(539, 535, '79090106134'),
(540, 536, '79990999533'),
(541, 537, '79778863431'),
(542, 538, '79112495626'),
(543, 539, '375293881288'),
(544, 540, '79195648321'),
(545, 541, '79168858829'),
(546, 542, '79104195226'),
(547, 543, '79521836903'),
(548, 544, '79529573140'),
(549, 545, '79169743933'),
(550, 546, '79775242163'),
(551, 547, '79101217394'),
(552, 548, '79807471187'),
(553, 549, '79166712107'),
(554, 550, '79129916889'),
(555, 254, '79104759703'),
(556, 551, '79091699960'),
(557, 552, '79139082028'),
(558, 459, '79506066095'),
(559, 553, '79600521545'),
(560, 554, '79831231585'),
(561, 556, '79854532792'),
(562, 557, '60176145687'),
(563, 559, '79150275793'),
(564, 560, '79263939135'),
(565, 561, '79652130429'),
(566, 564, '79169658711'),
(567, 565, '79098746033'),
(568, 566, '79177033538'),
(569, 567, '79180056580'),
(570, 568, '79110005382'),
(571, 569, '79103945907'),
(572, 570, '79898287357'),
(573, 571, '79610018981'),
(574, 573, '79093194887'),
(575, 115, '79088856880'),
(576, 557, '79856891166'),
(577, 563, '79152921856'),
(578, 581, '79374392492'),
(579, 582, '79213969684'),
(580, 583, '79106661411'),
(581, 585, '79165555555'),
(582, 586, '79035176050'),
(583, 587, '79264841976'),
(584, 588, '79036154026'),
(585, 591, '79256863155'),
(586, 592, '79301014272'),
(587, 593, '79881516507'),
(588, 594, '79023572980'),
(589, 595, '79629197819'),
(590, 596, '79104654978'),
(591, 597, '79100915899'),
(592, 598, '79123302344'),
(593, 599, '79672027282'),
(594, 600, '79174015644'),
(595, 601, '79168229428'),
(596, 602, '79262176596'),
(597, 603, '79219806673'),
(598, 604, '79526421544'),
(599, 605, '79165039384'),
(600, 606, '79127572598'),
(601, 607, '79777554530'),
(602, 608, '79104231126'),
(603, 609, '79852296767'),
(604, 610, '7 9163869726'),
(605, 585, '7916776688'),
(606, 510, '79313000909'),
(607, 611, '79295915510'),
(608, 612, '9067069079'),
(609, 613, '79263087444'),
(610, 614, '79157159385'),
(611, 615, '79872910255'),
(612, 616, '79104446015');

-- --------------------------------------------------------

--
-- Структура таблицы `clients_telegram`
--

DROP TABLE IF EXISTS `clients_telegram`;
CREATE TABLE IF NOT EXISTS `clients_telegram` (
  `telegram_id` int NOT NULL AUTO_INCREMENT,
  `client_id` int NOT NULL,
  `telegram` varchar(100) NOT NULL,
  PRIMARY KEY (`telegram_id`),
  UNIQUE KEY `telegram` (`telegram`),
  KEY `client_id` (`client_id`)
) ENGINE=InnoDB AUTO_INCREMENT=336 DEFAULT CHARSET=utf8mb4 COLLATE=utf8mb4_0900_ai_ci;

--
-- Дамп данных таблицы `clients_telegram`
--

INSERT INTO `clients_telegram` (`telegram_id`, `client_id`, `telegram`) VALUES
(1, 29, 'RinaZem'),
(2, 3, '@olegabramenko'),
(3, 30, '@Oduvan98'),
(4, 31, '@evgeniyashishinova'),
(5, 1, '@Kitaeva_Zhanna'),
(6, 14, '@Siordia Mariam'),
(7, 5, '@ShishkovaEM'),
(8, 12, 'Татьяна Немонова'),
(9, 15, '@Oxana'),
(10, 32, '@AlexandraShults'),
(11, 33, '@Maximuslaw'),
(12, 9, '@NastasyaKir'),
(13, 34, '@Zoryana_Milko'),
(14, 1, 'Kitaeva_Zhanna'),
(15, 35, '@ipleg'),
(16, 12, 'Немонова'),
(17, 36, '@ekapolyakovaIP'),
(18, 31, 'Evgeniya_shishinova'),
(19, 6, 'BZ'),
(20, 37, '@lubchenkonastya'),
(21, 38, '@devilnev'),
(22, 15, 'Oxana'),
(23, 19, '@zzeneck'),
(24, 62, '@law_851'),
(25, 63, 'svetliak'),
(26, 64, '@rudenkovrd'),
(27, 65, 'Jane Raspopova'),
(28, 66, '@Oradionova27'),
(29, 67, '@Usov_Kirill'),
(30, 68, '@Valeriajur'),
(31, 69, '@Alexa3236'),
(32, 70, '@mike1127'),
(33, 35, '@JULIA_IPLEG'),
(34, 71, '@alenionasam'),
(35, 3, 'OlegAbramenko'),
(36, 30, '@Oduvan911'),
(37, 72, '@KamaevaNatasha'),
(38, 73, '@olga_a_malygina'),
(39, 4, '@Natalya1841'),
(40, 74, 'Alexander Navtsenya'),
(41, 75, '@AnastasiaP_S'),
(42, 76, 'Владимир Пизов'),
(43, 77, '@askrib'),
(44, 11, '@ElisavetaDyachkova'),
(45, 78, 'Varvara Alitovskaya'),
(46, 6, '@zalifabaymuratova'),
(47, 29, '@RinaZem'),
(48, 37, 'Lubchenkonastya'),
(49, 235, '@U_LAV'),
(50, 35, '@Julie K'),
(51, 19, '@да не знаю я'),
(52, 5, '@Евгения Ш'),
(53, 11, 'Dyachkovalisa'),
(54, 241, '@T_Naysikras'),
(55, 247, '@BerlovKD'),
(56, 31, '@evgeniyashishinova (кажется ??'),
(57, 248, '@nataliyaa_nik'),
(58, 249, 'Che_Oskero'),
(59, 123, '@bpsandra'),
(60, 217, '@Lizaliza19'),
(61, 220, 'Мария дроздова'),
(62, 250, '@lem0n_grass'),
(63, 251, 'elenaburiak'),
(64, 252, 'AlyonaChe1'),
(65, 253, '@jerry_sawyer'),
(66, 31, '@evgeniya_shishinova'),
(67, 254, '@arzamazova_elen'),
(68, 253, 'jerry_sawyer'),
(69, 52, '@Anna_Melnikova_lawyer'),
(70, 94, '@LaNS'),
(71, 47, '@gamyra'),
(72, 6, 'Zalifabaymuratova'),
(73, 12, 'nemonova'),
(74, 322, '@skvortsova_legal'),
(75, 323, '@Jen_neta'),
(76, 324, 'Irina@Feolaand'),
(77, 325, 'LoValeriia'),
(78, 326, '@HattoriHanzo1i'),
(79, 327, '89220041006'),
(80, 328, 'Skazo4naja'),
(81, 329, 'NatRass'),
(82, 330, '@IrrnMann'),
(83, 331, '@IlyanaL'),
(84, 19, '@не помню, лень смотреть'),
(85, 332, '@anna.dubrovina'),
(86, 333, '+79263548858'),
(87, 334, '@dmitry_terentyev'),
(88, 184, 'Valentina_iva'),
(89, 335, '@annadzaseeva'),
(90, 310, '@alexandrahozeeva'),
(91, 336, '@amanakov'),
(92, 65, '@Jane Raspopova'),
(93, 337, '@EVLoskutova'),
(94, 338, '@deubav'),
(95, 339, '@gleb_sitnikov'),
(96, 192, '@russualeksa'),
(97, 186, '@ma9sh'),
(98, 340, '@sonnya_88'),
(99, 63, 'svetliak07'),
(100, 341, '@ppolya'),
(101, 227, '@dmineeva_jurist'),
(102, 343, '@Tretyakova_Olesya'),
(103, 344, '@Maryasowa_darya'),
(104, 31, 'Evgeniya_shishinova (надеюсь не ошиблась)'),
(105, 359, '@ katterina_laa'),
(106, 333, 'Elena K'),
(107, 208, 'AnnaKrapiva1'),
(108, 174, '@ESGoskov'),
(109, 359, '@katterina_laa'),
(110, 189, '@D_Pershenkova'),
(111, 360, '@maria_porokhnya'),
(112, 361, 'Lena_polevaya'),
(113, 14, '@Mariam Siordia'),
(114, 239, '@Valeriya2324'),
(115, 438, '@Niker26'),
(116, 20, '@DianaPlak'),
(117, 453, 'bunina_diana'),
(118, 454, '@kant99'),
(119, 81, '@LidiaSubbotina'),
(120, 60, '@лариса'),
(121, 455, '@Lilia_Borovikova'),
(122, 456, '@ghost'),
(123, 457, '@DarinaRaichenko'),
(124, 29, '@IrinaZemkina'),
(125, 112, '@daria_krakhmaleva'),
(126, 459, '@V_Jula'),
(127, 460, '@KatikDementeva'),
(128, 461, '@Elena_Zyabko'),
(129, 208, '@AnnaKrapiva1'),
(130, 462, '@Aalsouu'),
(131, 463, 'ias89152686062'),
(132, 99, '@ip_marich'),
(133, 120, '@marbykova'),
(134, 464, 'Irina Roslova'),
(135, 465, '@aliya'),
(136, 43, '@Incorrie'),
(137, 350, '@t_bakhareva'),
(138, 466, '@Anna_Kindeeva'),
(139, 467, '@mashayus'),
(140, 468, '@elenaborulyova'),
(141, 469, 'Julia_Benko'),
(142, 86, '@victoriastlp'),
(143, 470, 'annarum5'),
(144, 471, 'SanoGrig'),
(145, 472, 'Elena'),
(146, 87, 'Irina'),
(147, 473, 'Rimma'),
(148, 222, '@gulnazhu'),
(149, 474, '@bmalaw'),
(150, 475, '@urrazum'),
(151, 476, '@Valentina_Berezina'),
(152, 477, 'sofisilaeva'),
(153, 333, 'Ek'),
(154, 478, '@annpolozovaa'),
(155, 306, '@ann_shakhbazyan'),
(156, 98, '@Hacker_in_Law'),
(157, 479, '@slesarevam'),
(158, 480, '@pink_petroleum'),
(159, 481, 'Tsugumo_Hanshiro'),
(160, 482, '@ils_rr'),
(161, 57, '@AnnaKazan14'),
(162, 483, '@example'),
(163, 484, '@kryazheva_elena'),
(164, 15, 'StyfanovaO'),
(165, 485, '@Vasilek_Alisa'),
(166, 486, 'Avarinus'),
(167, 26, '@OlgaMarIP'),
(168, 487, '@macracin'),
(169, 212, '@tatadvokat'),
(170, 488, '@maximtab29'),
(171, 489, '@milbern'),
(172, 490, '@ulyana_tsil'),
(173, 492, '@lilitri'),
(174, 97, '@Schwarzana'),
(175, 44, '@tfimt'),
(176, 493, 'Анастасия'),
(177, 494, '@ffghhj'),
(178, 495, '@bushkovets'),
(179, 496, 'https://t.me/Ulysses_at_law'),
(180, 497, 'astepina'),
(181, 498, '@tatyana_podarki'),
(182, 499, '@Irinagusikhina'),
(183, 500, 'Svetlana'),
(184, 376, '@LeraBelitz'),
(185, 268, '@A_in_red'),
(186, 503, 'Ольга Мурзина'),
(187, 504, '@katerina_nesh'),
(188, 505, 'Евгений Владимирович'),
(189, 480, 'pink_petroleum'),
(190, 58, 'Светлана'),
(191, 506, 'Алексей'),
(192, 358, 'Наталья'),
(193, 11, '@dyachkovalisa'),
(194, 507, '@stebaev'),
(195, 227, '@digoshina_jurist'),
(196, 470, '@annarum5'),
(197, 508, '@loginovatania'),
(198, 509, '@anastasiia_2121'),
(199, 304, '@IlyuzaMakhianova'),
(200, 510, '@ks_surkova'),
(201, 364, '@kvigata'),
(202, 511, '@borges'),
(203, 512, '@kndrtvv'),
(204, 513, 'aronikom'),
(205, 418, '@katy_s_str'),
(206, 514, '@_____'),
(207, 332, ' @dubrovina_anna'),
(208, 428, '@Inna_Tarbastaeva'),
(209, 519, '@Sveta_IP_trademarks'),
(210, 476, '@antttlilia - Лилия'),
(211, 332, '@dubrovina_anna'),
(212, 386, '@annakir2105 (по номеру)'),
(213, 100, '@NuHotEtotNickNeZanyat'),
(214, 520, '@aelizavetas (по номеру)'),
(215, 72, '@KamaevaNatasha (по номеру)'),
(216, 89, '@ekaterina_iplaw (по номеру)'),
(217, 115, '@yumaguzhina_lawyer'),
(218, 333, 'Elena K (по номеру, ника нет)'),
(219, 521, '@kateIvanova_25'),
(220, 522, 'SuperNova0703'),
(221, 524, '@jenjannie'),
(222, 528, '+7 968 536 0855'),
(223, 500, '@Svetlana'),
(224, 18, '@ASmolenskii'),
(225, 529, '@Natalia_Kap_0'),
(226, 530, '@Juliya_Berestneva'),
(227, 65, 'JaneRaspopova'),
(228, 531, 'ivangennadievich86'),
(229, 532, '@marie_uno'),
(230, 122, '@ivan_khaydurov'),
(231, 533, '@aibiliv_aikenflaev'),
(232, 534, '@kateskop'),
(233, 535, '@kkazgova'),
(234, 34, 'Zoryana_milko'),
(235, 536, '@Shermet_Kurbanov'),
(236, 428, '@inna-tarbastaeva'),
(237, 230, '@K_horeva_Olga'),
(238, 42, '@Gratant'),
(239, 239, 'Абракадабра'),
(240, 537, '@gradiusalisik'),
(241, 538, '@Go_Odie'),
(242, 539, '@halinaskabkarova'),
(243, 493, 'Юрист IP'),
(244, 540, 'Александр Павлович'),
(245, 392, 'AnastasiaSurkovaRnD'),
(246, 543, '@Olya_yozhka'),
(247, 544, '@a3140'),
(248, 545, '@natkhalilova'),
(249, 47, '@akornik'),
(250, 547, '@VasilevaAnnaA'),
(251, 548, '@agni_den'),
(252, 549, 'Odi_Nika'),
(253, 55, '@AraslanovaJuliya'),
(254, 550, 'Елена Лабарешных'),
(255, 2, 'iamnoli'),
(256, 419, 'anastasiia_vp'),
(257, 254, 'arzamazova_elen'),
(258, 551, 'Yana'),
(259, 552, '@matveichuk13'),
(260, 459, 'V_Jula'),
(261, 556, 'albinasibirskikh'),
(262, 517, '@Schinova_Katerina'),
(263, 557, 'catherine_konik'),
(264, 559, '@MatveyBerestov'),
(265, 46, '@sapronova_A'),
(266, 564, '@eightvil'),
(267, 565, '@hypnostallev'),
(268, 566, '@efremovaalisavladimirovna'),
(269, 567, '@ivelevit'),
(270, 48, '@angelina_pro_law'),
(271, 125, '@Aleksandr_Sp1'),
(272, 570, '@GlamourEggs'),
(273, 36, '@ekapolyakovaIP.'),
(274, 189, 'D_Pershenkova'),
(275, 575, '@miu_ma'),
(276, 576, '@azzzatt'),
(277, 577, '@kozhukharova'),
(278, 6, '@BayZali'),
(279, 257, '@olinkis'),
(280, 357, '@elenshumakova'),
(281, 579, '@ktzv_i'),
(282, 580, '@VictoriiaTSIG'),
(283, 437, 'по номеру есть тг Без ника'),
(284, 279, '@khayrov'),
(285, 15, '@StyfanovaO'),
(286, 395, '@JuliaBorodko'),
(287, 435, '@YuliaKaynova'),
(288, 175, '@iuliia8'),
(289, 556, '@albina_iplawyer'),
(290, 557, '@catherine_konik'),
(291, 265, 'Kulakova_Marina'),
(292, 559, 'MatveyBerestov'),
(293, 397, 'DudinaMaria'),
(294, 257, 'olinkis'),
(295, 581, '@pon_daria'),
(296, 582, '@Tiran4ikk'),
(297, 583, '@ds_agni'),
(298, 335, 'annadzaseeva'),
(299, 357, 'elenshumakova'),
(300, 584, '@NikulinAlexandr'),
(301, 340, 'Sonnya_88'),
(302, 585, 'Olivia787'),
(303, 586, 'M15_07'),
(304, 520, '@aelizavetas'),
(305, 561, 'Natalia Smirnova'),
(306, 587, 'themarianna'),
(307, 591, '@tikhom1r'),
(308, 396, 'Artlaius'),
(309, 593, '@cherpak_m'),
(310, 595, 'mashalarina13'),
(311, 597, '@dazinga'),
(312, 598, '@YanaS111'),
(313, 188, '@laragee'),
(314, 599, '@Verarkh'),
(315, 600, '@myp0479'),
(316, 601, '@diannash1'),
(317, 602, '@VictoriaOlhova'),
(318, 605, 'Mary_tii'),
(319, 606, '@nds'),
(320, 609, '@ASenkev'),
(321, 585, '@olgaiplawyer'),
(322, 510, 'https://t.me/ks_surkova'),
(323, 520, 'Aelizavetas'),
(324, 612, '@NataliaEvdokushina'),
(325, 613, 'по номеру тг'),
(326, 65, 'JaneRaspopovа'),
(327, 614, '@anastasiyaipjurist'),
(328, 392, 'https://t.me/AnastasiaSurkovaRnD'),
(329, 190, '@ivdz20'),
(330, 616, 'KateShem76'),
(331, 601, '@diannashsh'),
(332, 281, '@Tatiana AIS'),
(333, 251, '@elena6uryak'),
(334, 170, '@VoronkovaGanna'),
(335, 353, '@julia_chi');

-- --------------------------------------------------------

--
-- Структура таблицы `loadlog`
--

DROP TABLE IF EXISTS `loadlog`;
CREATE TABLE IF NOT EXISTS `loadlog` (
  `id` int NOT NULL AUTO_INCREMENT,
  `loadlog_date` datetime DEFAULT CURRENT_TIMESTAMP,
  `loadlog_text` text,
  PRIMARY KEY (`id`)
) ENGINE=MyISAM AUTO_INCREMENT=12 DEFAULT CHARSET=utf8mb4 COLLATE=utf8mb4_0900_ai_ci;

--
-- Дамп данных таблицы `loadlog`
--

INSERT INTO `loadlog` (`id`, `loadlog_date`, `loadlog_text`) VALUES
(1, '2025-08-30 03:19:21', 'Найдено несколько записей с клиентов с реквизитами: Фамилия: Шульц Имя: Александра Отчество: Николаевна Почта: alexandra@shultslegal.ru Телефон: 79990963151 Телеграм: '),
(2, '2025-08-30 03:19:21', 'Проведена дедубликация. Текущую запись объединили с записью ID: <32>'),
(3, '2025-08-30 03:19:25', 'Telegram <@Devilnev> не принадлежит клиенту с ID <342>'),
(4, '2025-08-30 03:19:28', 'Найдено несколько записей с клиентов с реквизитами: Фамилия:  Имя: Ирина Отчество:  Почта: irina.zemkina1997@gmail.com Телефон: 79252719744 Телеграм: @IrinaZemkina'),
(5, '2025-08-30 03:19:28', 'Проведена дедубликация. Текущую запись объединили с записью ID: <29>'),
(6, '2025-08-30 03:19:52', 'Telegram <@IlyuzaMakhianova> не принадлежит клиенту с ID <574>'),
(7, '2025-08-30 03:19:53', 'Telegram <@Zoryana_Milko> не принадлежит клиенту с ID <578>'),
(8, '2025-08-30 03:19:53', 'Найдено несколько записей с клиентов с реквизитами: Фамилия: Дудина Имя: Мария Отчество:  Почта: mariadudina95@yandex.ru Телефон: 79108609161 Телеграм: DudinaMaria'),
(9, '2025-08-30 03:19:53', 'Проведена дедубликация. Текущую запись объединили с записью ID: <397>'),
(10, '2025-08-30 03:19:54', 'Telegram <@deubav> не принадлежит клиенту с ID <596>'),
(11, '2025-08-30 03:19:54', 'Telegram <@annarum5> не принадлежит клиенту с ID <615>');

-- --------------------------------------------------------

--
-- Структура таблицы `orders`
--

DROP TABLE IF EXISTS `orders`;
CREATE TABLE IF NOT EXISTS `orders` (
  `id` int NOT NULL AUTO_INCREMENT,
  `order_id` int NOT NULL,
  `client_id` int NOT NULL,
  `order_status` varchar(225) CHARACTER SET utf8mb4 COLLATE utf8mb4_0900_ai_ci NOT NULL,
  `order_description` varchar(255) NOT NULL,
  `row_creation_time` datetime NOT NULL,
  `operator_id` int NOT NULL,
  PRIMARY KEY (`id`),
  KEY `order_id` (`order_id`),
  KEY `client_id` (`client_id`),
  KEY `operator_id` (`operator_id`)
) ENGINE=InnoDB AUTO_INCREMENT=20 DEFAULT CHARSET=utf8mb4 COLLATE=utf8mb4_0900_ai_ci;

--
-- Дамп данных таблицы `orders`
--

INSERT INTO `orders` (`id`, `order_id`, `client_id`, `order_status`, `order_description`, `row_creation_time`, `operator_id`) VALUES
(1, 1, 9, 'Новый', 'Это первый заказ ', '2025-06-16 17:45:45', 10),
(3, 1, 9, 'Новый', 'Это первая корректировка первого заказа ', '2025-06-16 17:45:45', 10),
(4, 2, 9, 'Новый', 'Это второй заказ', '2025-06-16 17:45:45', 10),
(5, 2, 9, 'Новый', 'Это первая корректировка второго заказа', '2025-06-16 17:45:45', 10),
(6, 1, 9, 'Новый', 'Это вторая корректировка первого заказа ', '2025-06-16 17:45:45', 10),
(7, 1, 9, '1', '1', '0000-00-00 00:00:00', 10),
(8, 1, 9, '', '', '0000-00-00 00:00:00', 10),
(9, 1, 9, 'ww', 'ww', '0000-00-00 00:00:00', 10),
(10, 1, 9, 'wqw', 'qqw', '2025-06-23 01:59:56', 10),
(11, 1, 9, 'Дело выигр', 'Дело выиграли, но с этим клиентом больше работать не будем! Ну очень тяжелый клиент! Капризный и жадный.', '2025-06-23 02:03:28', 8),
(12, 1, 9, 'Дело выиграно.', 'Дело выиграли, но с этим клиентом больше работать не будем! Ну очень тяжелый клиент! Капризный и жадный.', '2025-06-23 02:09:36', 8),
(13, 2, 9, 'Выиграно', 'Дело выиграли, но с этим клиентом больше работать не будем! Ну очень тяжелый клиент! Капризный и жадный.', '2025-06-23 02:19:35', 8),
(14, 1, 9, 'werwere', 'rewrwerwewq', '2025-06-23 10:19:57', 10),
(15, 1, 9, '', '', '2025-07-09 16:52:36', 10),
(16, 2, 9, '123', '123', '2025-07-09 17:55:44', 8),
(17, 1, 9, 'dasdasdasdsadas', 'dasdasdasdasdas', '2025-07-09 17:56:00', 8),
(18, 1, 9, 'Заказ выполнен', 'Да выполнен, точно', '2025-07-11 20:00:22', 10),
(19, 1, 9, 'Заказ выполнен', 'Заказ выполнен, но это не точно!!!', '2025-07-19 01:46:44', 10);

-- --------------------------------------------------------

--
-- Структура таблицы `products`
--

DROP TABLE IF EXISTS `products`;
CREATE TABLE IF NOT EXISTS `products` (
  `product_id` int NOT NULL AUTO_INCREMENT,
  `product_name` varchar(256) NOT NULL,
  PRIMARY KEY (`product_id`),
  UNIQUE KEY `idx_product_name` (`product_name`(250)) USING BTREE
) ENGINE=InnoDB AUTO_INCREMENT=87 DEFAULT CHARSET=utf8mb4 COLLATE=utf8mb4_0900_ai_ci;

--
-- Дамп данных таблицы `products`
--

INSERT INTO `products` (`product_id`, `product_name`) VALUES
(1, 'IP Family играем в настолки 18.06.2023'),
(2, 'Pro IP-ужин служебные творения'),
(3, 'IP Family Играем в мафию 19.01.2024'),
(4, 'IP Family Играем в мафию 21.01.2025'),
(5, 'IP Family корпоратив 07.12-08.12.2024'),
(6, 'IP Profi служебные объекты 18.03.2023'),
(7, 'IP Strim 12.12.2024'),
(8, 'IP встреча в Питере 17.08.2025'),
(9, 'IP пикник 22.07.2025'),
(10, 'IP практики'),
(11, 'IP стрим 03.07.2025'),
(12, 'IP стрим хочу знать 26.06.2023'),
(13, 'IP-стрим Отвечаю на ваши вопросы 15.12.2023'),
(14, 'IP-ужин защита части предупреждения'),
(15, 'IP-ужин Ранжирование IP-рисков 09.08.2023'),
(16, 'Onlain-дискуссия  защита части произведения 29.03.2023'),
(17, 'ПАЗИС 4.0 (Только лекции)'),
(18, 'Pro IP интенсив'),
(19, 'Pro IP корпоратив 9.12.2023-10.12.2023'),
(20, 'PRO IP корпоратив Казань'),
(21, 'Pro IP ужин Взыскание компенсации 27.09.2023'),
(22, 'Pro IP- ужин предновогодняя встреча 14.12.2022'),
(23, 'Pro IP ужин Судебные расходы 15.11.2023'),
(24, 'Pro IP ужин чек-лист по договорной работе 27.08.2024'),
(25, 'Pro IP-корпоратив 3-4 декабря'),
(26, 'Pro IP-ланч итоги и перспективы 20.12.2022'),
(27, 'Pro IP-ланч товарные знаки 27.10.2022'),
(28, 'Pro IP-ужин 08.02.2023'),
(29, 'Pro IP-ужин onlain-курс'),
(30, 'Pro Ipужин вечер лайфхаков 05.04.2023'),
(31, 'Без продукта'),
(32, 'Введение в разработку: создаём терминологическую базу'),
(33, 'Защита бренда компании'),
(34, 'Использование сторонних компонентов в программном обеспечении'),
(35, 'Конференция создавая вместе 28.09.2024'),
(36, 'Курс Патенты для юристов'),
(37, 'ПАЗИС 4.0 (Полный доступ)'),
(38, 'Летний корпоратив 27.06.-29.06.2025'),
(39, 'Мастер-класс IP аудит'),
(40, 'Незащищаемое. Множественность защиты. Соправообладание IP'),
(41, 'Онлайн встреча Служебные объекты IS 31.01.2024'),
(42, 'Онлайн дискуссия новый закон о компенсации'),
(43, 'Охрана ПО. Реестры'),
(44, 'ПАЗИС 1.0 (Полный доступ)'),
(45, 'ПАЗИС 1.0 (Только лекции)'),
(46, 'ПАЗИС 2.0 (Полный доступ)'),
(47, 'ПАЗИС 3.0 (Полный доступ)'),
(48, 'ПАЗИС 3.0 (Только лекции)'),
(49, 'ПАЗИС 2.0 (Только лекции)'),
(50, 'Патентное право'),
(51, 'Патенты в системе ИС'),
(52, 'Правовые аспекты создания ПО'),
(53, 'Правовые аспекты создания программного обеспечения'),
(54, 'Проверка ТЗ'),
(55, 'Разбираем конкретные составы по НДК (ст. 14.2, 14.5, 14.6) (НДК)'),
(56, 'Разбор кейса подарки оптом 22.01.25'),
(57, 'Разбор обзора'),
(58, 'Разбор обзора ВС'),
(59, 'Различительная способность ТЗ'),
(60, 'Разработка ПО'),
(61, 'Распоряжение правами на объекты ИС'),
(62, 'Распоряжение правами на ПО. Судебная защита'),
(63, 'Служебные творения'),
(64, 'Создаешь защищай. Проект года 2025'),
(65, 'Способы защиты IP активов'),
(66, 'Способы охраны программного обеспечения'),
(67, 'Судебная защита'),
(68, 'Чек-лист договоры'),
(69, 'ПЗПО 1'),
(70, 'ПАЗИС 1'),
(71, 'НЕ ОПРЕДЕЛЁН'),
(72, 'ПАЗИС 5.0 (Полный доступ)'),
(73, 'ПАЗИС 5.0 (Только лекции)'),
(74, 'ПАЗИС 6.0 (Полный доступ)'),
(75, 'ПАЗИС 6.0 (Только лекции)'),
(76, 'ПЗПО 1.0 (Полный доступ)'),
(77, 'ПЗПО 1.0 (Только лекции)'),
(78, 'ПЗПО 2.0 (Полный доступ)'),
(79, 'ПЗПО 2.0 (Только лекции)'),
(80, 'НДК 1.0 (Полный доступ)'),
(81, 'НДК 1.0 (Только лекции)'),
(82, 'ПДЮ 1.0 (Полный доступ)'),
(83, 'ПДЮ 1.0 (Только лекции)'),
(84, 'ПДЮ 2.0 (Полный доступ)'),
(85, 'ПДЮ 2.0 (Только лекции)'),
(86, 'Аудит ИС 1.0');

-- --------------------------------------------------------

--
-- Структура таблицы `sales`
--

DROP TABLE IF EXISTS `sales`;
CREATE TABLE IF NOT EXISTS `sales` (
  `id` int NOT NULL AUTO_INCREMENT,
  `client_id` int NOT NULL,
  `product_id` int NOT NULL,
  `sale_date` date NOT NULL DEFAULT '1977-02-04',
  `product_comment` text NOT NULL,
  `sale_status_id` int NOT NULL,
  PRIMARY KEY (`id`),
  KEY `idx_client_id` (`client_id`),
  KEY `idx_product_id` (`product_id`),
  KEY `sales_status_id` (`sale_status_id`)
) ENGINE=InnoDB AUTO_INCREMENT=1163 DEFAULT CHARSET=utf8mb4 COLLATE=utf8mb4_0900_ai_ci;

--
-- Дамп данных таблицы `sales`
--

INSERT INTO `sales` (`id`, `client_id`, `product_id`, `sale_date`, `product_comment`, `sale_status_id`) VALUES
(1, 1, 1, '1977-02-04', '', 1),
(2, 2, 1, '1977-02-04', '', 1),
(3, 3, 1, '1977-02-04', '', 1),
(4, 4, 1, '1977-02-04', '', 1),
(5, 5, 1, '1977-02-04', '', 1),
(6, 6, 1, '1977-02-04', '', 1),
(7, 7, 1, '1977-02-04', '', 1),
(8, 8, 1, '1977-02-04', '', 1),
(9, 9, 1, '1977-02-04', '', 1),
(10, 10, 1, '1977-02-04', '', 1),
(11, 11, 1, '1977-02-04', '', 1),
(12, 12, 1, '1977-02-04', '', 1),
(13, 13, 1, '1977-02-04', '', 1),
(14, 14, 1, '1977-02-04', '', 1),
(15, 15, 1, '1977-02-04', '', 1),
(16, 16, 2, '1977-02-04', '', 1),
(17, 17, 2, '1977-02-04', '', 1),
(18, 18, 2, '1977-02-04', '', 1),
(19, 19, 2, '1977-02-04', '', 1),
(20, 20, 2, '1977-02-04', '', 1),
(21, 7, 2, '1977-02-04', '', 1),
(22, 21, 2, '1977-02-04', '', 1),
(23, 22, 2, '1977-02-04', '', 1),
(24, 23, 2, '1977-02-04', '', 1),
(25, 24, 2, '1977-02-04', '', 1),
(26, 25, 2, '1977-02-04', '', 1),
(27, 26, 2, '1977-02-04', '', 1),
(28, 27, 2, '1977-02-04', '', 1),
(29, 28, 2, '1977-02-04', '', 1),
(30, 29, 3, '1977-02-04', '', 1),
(31, 3, 3, '1977-02-04', '', 1),
(32, 30, 3, '1977-02-04', '', 1),
(33, 31, 3, '1977-02-04', '', 1),
(34, 1, 3, '1977-02-04', '', 1),
(35, 14, 3, '1977-02-04', '', 1),
(36, 5, 3, '1977-02-04', '', 1),
(37, 12, 3, '1977-02-04', '', 1),
(38, 15, 3, '1977-02-04', '', 1),
(39, 32, 3, '1977-02-04', '', 1),
(40, 33, 3, '1977-02-04', '', 1),
(41, 9, 3, '1977-02-04', '', 1),
(42, 34, 3, '1977-02-04', '', 1),
(43, 1, 4, '1977-02-04', '', 1),
(44, 30, 4, '1977-02-04', '', 1),
(45, 35, 4, '1977-02-04', '', 1),
(46, 5, 4, '1977-02-04', '', 1),
(47, 3, 4, '1977-02-04', '', 1),
(48, 32, 4, '1977-02-04', '', 1),
(49, 12, 5, '1977-02-04', '', 1),
(50, 36, 5, '1977-02-04', '', 1),
(51, 31, 5, '1977-02-04', '', 1),
(52, 35, 5, '1977-02-04', '', 1),
(53, 6, 5, '1977-02-04', '', 1),
(54, 37, 5, '1977-02-04', '', 1),
(55, 38, 5, '1977-02-04', '', 1),
(56, 5, 5, '1977-02-04', '', 1),
(57, 15, 5, '1977-02-04', '', 1),
(58, 19, 5, '1977-02-04', '', 1),
(59, 10, 6, '1977-02-04', '', 1),
(60, 18, 6, '1977-02-04', '', 1),
(61, 12, 6, '1977-02-04', '', 1),
(62, 38, 6, '1977-02-04', '', 1),
(63, 24, 6, '1977-02-04', '', 1),
(64, 39, 6, '1977-02-04', '', 1),
(65, 40, 6, '1977-02-04', '', 1),
(66, 41, 6, '1977-02-04', '', 1),
(67, 31, 6, '1977-02-04', '', 1),
(68, 42, 7, '1977-02-04', '', 2),
(69, 43, 7, '1977-02-04', '', 2),
(70, 44, 7, '1977-02-04', '', 2),
(71, 45, 7, '1977-02-04', '', 2),
(72, 46, 7, '1977-02-04', '', 2),
(73, 47, 7, '1977-02-04', '', 2),
(74, 48, 7, '1977-02-04', '', 2),
(75, 49, 7, '1977-02-04', '', 2),
(76, 50, 7, '1977-02-04', '', 2),
(77, 51, 7, '1977-02-04', '', 2),
(78, 52, 7, '1977-02-04', '', 2),
(79, 53, 7, '1977-02-04', '', 2),
(80, 30, 7, '1977-02-04', '', 2),
(81, 54, 7, '1977-02-04', '', 2),
(82, 55, 7, '1977-02-04', '', 2),
(83, 56, 7, '1977-02-04', '', 2),
(84, 57, 7, '1977-02-04', '', 2),
(85, 58, 7, '1977-02-04', '', 2),
(86, 59, 7, '1977-02-04', '', 2),
(87, 60, 7, '1977-02-04', '', 2),
(88, 61, 7, '1977-02-04', '', 2),
(89, 62, 8, '1977-02-04', '', 1),
(90, 63, 8, '1977-02-04', '', 1),
(91, 36, 8, '1977-02-04', '', 1),
(92, 64, 8, '1977-02-04', '', 1),
(93, 65, 8, '1977-02-04', '', 1),
(94, 66, 8, '1977-02-04', '', 1),
(95, 67, 8, '1977-02-04', '', 1),
(96, 68, 8, '1977-02-04', '', 1),
(97, 69, 8, '1977-02-04', '', 1),
(98, 70, 8, '1977-02-04', '', 1),
(99, 35, 9, '1977-02-04', '', 1),
(100, 71, 9, '1977-02-04', '', 1),
(101, 3, 9, '1977-02-04', '', 1),
(102, 1, 9, '1977-02-04', '', 1),
(103, 30, 9, '1977-02-04', '', 1),
(104, 72, 9, '1977-02-04', '', 1),
(105, 73, 9, '1977-02-04', '', 1),
(106, 4, 9, '1977-02-04', '', 1),
(107, 12, 9, '1977-02-04', '', 1),
(108, 74, 9, '1977-02-04', '', 1),
(109, 75, 9, '1977-02-04', '', 1),
(110, 76, 9, '1977-02-04', '', 1),
(111, 77, 9, '1977-02-04', '', 1),
(112, 31, 9, '1977-02-04', '', 1),
(113, 32, 9, '1977-02-04', '', 1),
(114, 11, 9, '1977-02-04', '', 1),
(115, 78, 9, '1977-02-04', '', 1),
(116, 79, 10, '1977-02-04', '', 1),
(117, 73, 11, '1977-02-04', '', 2),
(118, 80, 11, '1977-02-04', '', 2),
(119, 81, 11, '1977-02-04', '', 2),
(120, 82, 11, '1977-02-04', '', 2),
(121, 83, 11, '1977-02-04', '', 2),
(122, 84, 11, '1977-02-04', '', 2),
(123, 85, 11, '1977-02-04', '', 2),
(124, 86, 11, '1977-02-04', '', 2),
(125, 87, 11, '1977-02-04', '', 2),
(126, 88, 11, '1977-02-04', '', 2),
(127, 89, 11, '1977-02-04', '', 2),
(128, 90, 11, '1977-02-04', '', 2),
(129, 60, 11, '1977-02-04', '', 2),
(130, 14, 11, '1977-02-04', '', 2),
(131, 30, 11, '1977-02-04', '', 2),
(132, 91, 11, '1977-02-04', '', 2),
(133, 92, 11, '1977-02-04', '', 2),
(134, 93, 11, '1977-02-04', '', 2),
(135, 94, 11, '1977-02-04', '', 2),
(136, 44, 11, '1977-02-04', '', 2),
(137, 95, 11, '1977-02-04', '', 2),
(138, 96, 11, '1977-02-04', '', 2),
(139, 97, 11, '1977-02-04', '', 2),
(140, 98, 11, '1977-02-04', '', 2),
(141, 99, 11, '1977-02-04', '', 2),
(142, 100, 11, '1977-02-04', '', 2),
(143, 101, 11, '1977-02-04', '', 2),
(144, 102, 11, '1977-02-04', '', 2),
(145, 103, 11, '1977-02-04', '', 2),
(146, 104, 12, '1977-02-04', '', 2),
(147, 105, 12, '1977-02-04', '', 2),
(148, 19, 12, '1977-02-04', '', 2),
(149, 106, 12, '1977-02-04', '', 2),
(150, 52, 12, '1977-02-04', '', 2),
(151, 107, 12, '1977-02-04', '', 2),
(152, 32, 12, '1977-02-04', '', 2),
(153, 109, 12, '1977-02-04', '', 2),
(154, 110, 12, '1977-02-04', '', 2),
(155, 111, 12, '1977-02-04', '', 2),
(156, 112, 12, '1977-02-04', '', 2),
(157, 113, 12, '1977-02-04', '', 2),
(158, 114, 12, '1977-02-04', '', 2),
(159, 115, 12, '1977-02-04', '', 2),
(160, 116, 12, '1977-02-04', '', 2),
(161, 117, 12, '1977-02-04', '', 2),
(162, 118, 12, '1977-02-04', '', 2),
(163, 119, 12, '1977-02-04', '', 2),
(164, 120, 12, '1977-02-04', '', 2),
(165, 63, 12, '1977-02-04', '', 2),
(166, 121, 12, '1977-02-04', '', 2),
(167, 122, 12, '1977-02-04', '', 2),
(168, 123, 12, '1977-02-04', '', 2),
(169, 124, 12, '1977-02-04', '', 2),
(170, 12, 12, '1977-02-04', '', 2),
(171, 1, 12, '1977-02-04', '', 2),
(172, 125, 12, '1977-02-04', '', 2),
(173, 126, 12, '1977-02-04', '', 2),
(174, 69, 12, '1977-02-04', '', 2),
(175, 127, 12, '1977-02-04', '', 2),
(176, 128, 12, '1977-02-04', '', 2),
(177, 129, 12, '1977-02-04', '', 2),
(178, 130, 12, '1977-02-04', '', 2),
(179, 58, 12, '1977-02-04', '', 2),
(180, 131, 12, '1977-02-04', '', 2),
(181, 7, 12, '1977-02-04', '', 2),
(182, 132, 12, '1977-02-04', '', 2),
(183, 3, 12, '1977-02-04', '', 2),
(184, 133, 12, '1977-02-04', '', 2),
(185, 134, 12, '1977-02-04', '', 2),
(186, 135, 12, '1977-02-04', '', 2),
(187, 136, 12, '1977-02-04', '', 2),
(188, 137, 12, '1977-02-04', '', 2),
(189, 138, 12, '1977-02-04', '', 2),
(190, 139, 12, '1977-02-04', '', 2),
(191, 140, 12, '1977-02-04', '', 2),
(192, 141, 12, '1977-02-04', '', 2),
(193, 142, 12, '1977-02-04', '', 2),
(194, 143, 12, '1977-02-04', '', 2),
(195, 144, 12, '1977-02-04', '', 2),
(196, 145, 12, '1977-02-04', '', 2),
(197, 29, 12, '1977-02-04', '', 2),
(198, 146, 12, '1977-02-04', '', 2),
(199, 147, 12, '1977-02-04', '', 2),
(200, 148, 12, '1977-02-04', '', 2),
(201, 149, 12, '1977-02-04', '', 2),
(202, 150, 12, '1977-02-04', '', 2),
(203, 151, 12, '1977-02-04', '', 2),
(204, 152, 12, '1977-02-04', '', 2),
(205, 153, 12, '1977-02-04', '', 2),
(206, 154, 12, '1977-02-04', '', 2),
(207, 155, 12, '1977-02-04', '', 2),
(208, 156, 12, '1977-02-04', '', 2),
(209, 157, 12, '1977-02-04', '', 2),
(210, 158, 12, '1977-02-04', '', 2),
(211, 159, 12, '1977-02-04', '', 2),
(212, 160, 12, '1977-02-04', '', 2),
(213, 161, 12, '1977-02-04', '', 2),
(214, 162, 12, '1977-02-04', '', 2),
(215, 163, 12, '1977-02-04', '', 2),
(216, 164, 12, '1977-02-04', '', 2),
(217, 165, 12, '1977-02-04', '', 2),
(218, 166, 12, '1977-02-04', '', 2),
(219, 167, 12, '1977-02-04', '', 2),
(220, 168, 12, '1977-02-04', '', 2),
(221, 169, 12, '1977-02-04', '', 2),
(222, 170, 12, '1977-02-04', '', 2),
(223, 171, 12, '1977-02-04', '', 2),
(224, 172, 12, '1977-02-04', '', 2),
(225, 173, 12, '1977-02-04', '', 2),
(226, 8, 12, '1977-02-04', '', 2),
(227, 174, 12, '1977-02-04', '', 2),
(228, 175, 12, '1977-02-04', '', 2),
(229, 176, 12, '1977-02-04', '', 2),
(230, 177, 12, '1977-02-04', '', 2),
(231, 35, 12, '1977-02-04', '', 2),
(232, 178, 12, '1977-02-04', '', 2),
(233, 36, 12, '1977-02-04', '', 2),
(234, 94, 12, '1977-02-04', '', 2),
(235, 179, 12, '1977-02-04', '', 2),
(236, 180, 12, '1977-02-04', '', 2),
(237, 181, 12, '1977-02-04', '', 2),
(238, 182, 12, '1977-02-04', '', 2),
(239, 18, 12, '1977-02-04', '', 2),
(240, 183, 12, '1977-02-04', '', 2),
(241, 184, 12, '1977-02-04', '', 2),
(242, 185, 12, '1977-02-04', '', 2),
(243, 186, 12, '1977-02-04', '', 2),
(244, 187, 12, '1977-02-04', '', 2),
(245, 188, 12, '1977-02-04', '', 2),
(246, 189, 12, '1977-02-04', '', 2),
(247, 190, 12, '1977-02-04', '', 2),
(248, 191, 12, '1977-02-04', '', 2),
(249, 192, 12, '1977-02-04', '', 2),
(250, 193, 12, '1977-02-04', '', 2),
(251, 194, 12, '1977-02-04', '', 2),
(252, 195, 12, '1977-02-04', '', 2),
(253, 196, 12, '1977-02-04', '', 2),
(254, 197, 12, '1977-02-04', '', 2),
(255, 11, 12, '1977-02-04', '', 2),
(256, 198, 12, '1977-02-04', '', 2),
(257, 199, 12, '1977-02-04', '', 2),
(258, 200, 12, '1977-02-04', '', 2),
(259, 201, 12, '1977-02-04', '', 2),
(260, 202, 12, '1977-02-04', '', 2),
(261, 120, 13, '1977-02-04', '', 2),
(262, 203, 13, '1977-02-04', '', 2),
(263, 14, 13, '1977-02-04', '', 2),
(264, 58, 13, '1977-02-04', '', 2),
(265, 33, 13, '1977-02-04', '', 2),
(266, 125, 13, '1977-02-04', '', 2),
(267, 204, 13, '1977-02-04', '', 2),
(268, 205, 13, '1977-02-04', '', 2),
(269, 206, 13, '1977-02-04', '', 2),
(270, 207, 13, '1977-02-04', '', 2),
(271, 60, 13, '1977-02-04', '', 2),
(272, 208, 13, '1977-02-04', '', 2),
(273, 3, 14, '1977-02-04', '', 1),
(274, 209, 14, '1977-02-04', '', 1),
(275, 210, 14, '1977-02-04', '', 1),
(276, 18, 14, '1977-02-04', '', 1),
(277, 211, 14, '1977-02-04', '', 1),
(278, 212, 14, '1977-02-04', '', 1),
(279, 213, 14, '1977-02-04', '', 1),
(280, 214, 14, '1977-02-04', '', 1),
(281, 215, 14, '1977-02-04', '', 1),
(282, 19, 14, '1977-02-04', '', 1),
(283, 31, 14, '1977-02-04', '', 1),
(284, 37, 14, '1977-02-04', '', 1),
(285, 216, 14, '1977-02-04', '', 1),
(286, 5, 14, '1977-02-04', '', 1),
(287, 8, 14, '1977-02-04', '', 1),
(288, 4, 14, '1977-02-04', '', 1),
(289, 5, 15, '1977-02-04', '', 1),
(290, 211, 15, '1977-02-04', '', 1),
(291, 37, 15, '1977-02-04', '', 1),
(292, 31, 15, '1977-02-04', '', 1),
(293, 11, 15, '1977-02-04', '', 1),
(294, 3, 15, '1977-02-04', '', 1),
(295, 217, 15, '1977-02-04', '', 1),
(296, 6, 15, '1977-02-04', '', 1),
(297, 29, 15, '1977-02-04', '', 1),
(298, 218, 15, '1977-02-04', '', 1),
(299, 14, 15, '1977-02-04', '', 1),
(300, 148, 16, '1977-02-04', '', 2),
(301, 219, 16, '1977-02-04', '', 2),
(302, 220, 16, '1977-02-04', '', 2),
(303, 211, 16, '1977-02-04', '', 2),
(304, 19, 16, '1977-02-04', '', 2),
(305, 32, 16, '1977-02-04', '', 2),
(306, 221, 16, '1977-02-04', '', 2),
(307, 222, 16, '1977-02-04', '', 2),
(308, 223, 16, '1977-02-04', '', 2),
(309, 120, 16, '1977-02-04', '', 2),
(310, 39, 16, '1977-02-04', '', 2),
(311, 224, 16, '1977-02-04', '', 2),
(312, 225, 16, '1977-02-04', '', 2),
(313, 117, 16, '1977-02-04', '', 2),
(314, 226, 16, '1977-02-04', '', 2),
(315, 227, 17, '1977-02-04', '', 5),
(316, 227, 16, '1977-02-04', '', 2),
(317, 112, 16, '1977-02-04', '', 2),
(318, 161, 16, '1977-02-04', '', 2),
(319, 38, 16, '1977-02-04', '', 2),
(320, 228, 16, '1977-02-04', '', 2),
(321, 229, 16, '1977-02-04', '', 2),
(322, 41, 16, '1977-02-04', '', 2),
(323, 3, 16, '1977-02-04', '', 2),
(324, 230, 16, '1977-02-04', '', 2),
(325, 6, 16, '1977-02-04', '', 2),
(326, 5, 16, '1977-02-04', '', 2),
(327, 10, 16, '1977-02-04', '', 2),
(328, 7, 16, '1977-02-04', '', 2),
(329, 65, 16, '1977-02-04', '', 2),
(330, 231, 16, '1977-02-04', '', 2),
(331, 126, 16, '1977-02-04', '', 2),
(332, 232, 16, '1977-02-04', '', 2),
(333, 233, 16, '1977-02-04', '', 2),
(334, 115, 16, '1977-02-04', '', 2),
(335, 18, 18, '1977-02-04', '', 1),
(336, 6, 18, '1977-02-04', '', 1),
(337, 234, 18, '1977-02-04', '', 1),
(338, 6, 19, '1977-02-04', '', 1),
(339, 31, 19, '1977-02-04', '', 1),
(340, 5, 19, '1977-02-04', '', 1),
(341, 29, 19, '1977-02-04', '', 1),
(342, 37, 19, '1977-02-04', '', 1),
(343, 235, 19, '1977-02-04', '', 1),
(344, 12, 19, '1977-02-04', '', 1),
(345, 35, 19, '1977-02-04', '', 1),
(346, 1, 20, '1977-02-04', '', 1),
(347, 12, 20, '1977-02-04', '', 1),
(348, 236, 20, '1977-02-04', '', 1),
(349, 237, 20, '1977-02-04', '', 1),
(350, 5, 20, '1977-02-04', '', 1),
(351, 31, 20, '1977-02-04', '', 1),
(352, 10, 20, '1977-02-04', '', 1),
(353, 238, 20, '1977-02-04', '', 1),
(354, 239, 20, '1977-02-04', '', 1),
(355, 37, 20, '1977-02-04', '', 1),
(356, 240, 20, '1977-02-04', '', 1),
(357, 6, 20, '1977-02-04', '', 1),
(358, 19, 21, '1977-02-04', '', 1),
(359, 31, 21, '1977-02-04', '', 1),
(360, 29, 21, '1977-02-04', '', 1),
(361, 37, 21, '1977-02-04', '', 1),
(362, 5, 21, '1977-02-04', '', 1),
(363, 11, 21, '1977-02-04', '', 1),
(364, 241, 21, '1977-02-04', '', 1),
(365, 242, 22, '1977-02-04', '', 1),
(366, 2, 22, '1977-02-04', '', 1),
(367, 235, 22, '1977-02-04', '', 1),
(368, 3, 22, '1977-02-04', '', 1),
(369, 8, 22, '1977-02-04', '', 1),
(370, 243, 22, '1977-02-04', '', 1),
(371, 37, 22, '1977-02-04', '', 1),
(372, 217, 22, '1977-02-04', '', 1),
(373, 10, 22, '1977-02-04', '', 1),
(374, 11, 22, '1977-02-04', '', 1),
(375, 18, 22, '1977-02-04', '', 1),
(376, 29, 22, '1977-02-04', '', 1),
(377, 244, 22, '1977-02-04', '', 1),
(378, 6, 22, '1977-02-04', '', 1),
(379, 4, 22, '1977-02-04', '', 1),
(380, 245, 22, '1977-02-04', '', 1),
(381, 246, 22, '1977-02-04', '', 1),
(382, 31, 22, '1977-02-04', '', 1),
(383, 29, 23, '1977-02-04', '', 1),
(384, 3, 23, '1977-02-04', '', 1),
(385, 19, 23, '1977-02-04', '', 1),
(386, 247, 23, '1977-02-04', '', 1),
(387, 31, 23, '1977-02-04', '', 1),
(388, 248, 23, '1977-02-04', '', 1),
(389, 249, 23, '1977-02-04', '', 1),
(390, 123, 23, '1977-02-04', '', 1),
(391, 53, 24, '1977-02-04', '', 1),
(392, 217, 24, '1977-02-04', '', 1),
(393, 220, 24, '1977-02-04', '', 1),
(394, 3, 24, '1977-02-04', '', 1),
(395, 250, 24, '1977-02-04', '', 1),
(396, 4, 24, '1977-02-04', '', 1),
(397, 5, 24, '1977-02-04', '', 1),
(398, 251, 24, '1977-02-04', '', 1),
(399, 235, 24, '1977-02-04', '', 1),
(400, 252, 24, '1977-02-04', '', 1),
(401, 11, 24, '1977-02-04', '', 1),
(402, 253, 24, '1977-02-04', '', 1),
(403, 34, 24, '1977-02-04', '', 1),
(404, 31, 24, '1977-02-04', '', 1),
(405, 254, 24, '1977-02-04', '', 1),
(406, 255, 25, '1977-02-04', '', 1),
(407, 7, 25, '1977-02-04', '', 1),
(408, 256, 25, '1977-02-04', '', 1),
(409, 28, 25, '1977-02-04', '', 1),
(410, 35, 25, '1977-02-04', '', 1),
(411, 212, 25, '1977-02-04', '', 1),
(412, 1, 25, '1977-02-04', '', 1),
(413, 219, 25, '1977-02-04', '', 1),
(414, 257, 25, '1977-02-04', '', 1),
(415, 3, 25, '1977-02-04', '', 1),
(416, 2, 25, '1977-02-04', '', 1),
(417, 113, 25, '1977-02-04', '', 1),
(418, 235, 25, '1977-02-04', '', 1),
(419, 25, 25, '1977-02-04', '', 1),
(420, 239, 26, '1977-02-04', '', 2),
(421, 174, 26, '1977-02-04', '', 2),
(422, 224, 26, '1977-02-04', '', 2),
(423, 219, 26, '1977-02-04', '', 2),
(424, 258, 26, '1977-02-04', '', 2),
(425, 31, 26, '1977-02-04', '', 2),
(426, 259, 26, '1977-02-04', '', 2),
(427, 260, 26, '1977-02-04', '', 2),
(428, 119, 26, '1977-02-04', '', 2),
(429, 261, 26, '1977-02-04', '', 2),
(430, 182, 26, '1977-02-04', '', 2),
(431, 8, 26, '1977-02-04', '', 2),
(432, 262, 26, '1977-02-04', '', 2),
(433, 26, 26, '1977-02-04', '', 2),
(434, 120, 26, '1977-02-04', '', 2),
(435, 263, 26, '1977-02-04', '', 2),
(436, 189, 26, '1977-02-04', '', 2),
(437, 211, 26, '1977-02-04', '', 2),
(438, 183, 26, '1977-02-04', '', 2),
(439, 264, 26, '1977-02-04', '', 2),
(440, 265, 26, '1977-02-04', '', 2),
(441, 221, 26, '1977-02-04', '', 2),
(442, 4, 26, '1977-02-04', '', 2),
(443, 25, 26, '1977-02-04', '', 2),
(444, 266, 26, '1977-02-04', '', 2),
(445, 267, 26, '1977-02-04', '', 2),
(446, 268, 26, '1977-02-04', '', 2),
(447, 19, 26, '1977-02-04', '', 2),
(448, 32, 26, '1977-02-04', '', 2),
(449, 269, 26, '1977-02-04', '', 2),
(450, 18, 26, '1977-02-04', '', 2),
(451, 270, 26, '1977-02-04', '', 2),
(452, 271, 26, '1977-02-04', '', 2),
(453, 161, 26, '1977-02-04', '', 2),
(454, 54, 26, '1977-02-04', '', 2),
(455, 272, 26, '1977-02-04', '', 2),
(456, 159, 26, '1977-02-04', '', 2),
(457, 146, 26, '1977-02-04', '', 2),
(458, 273, 26, '1977-02-04', '', 2),
(459, 274, 26, '1977-02-04', '', 2),
(460, 275, 26, '1977-02-04', '', 2),
(461, 175, 26, '1977-02-04', '', 2),
(462, 276, 26, '1977-02-04', '', 2),
(463, 277, 26, '1977-02-04', '', 2),
(464, 278, 26, '1977-02-04', '', 2),
(465, 10, 26, '1977-02-04', '', 2),
(466, 279, 26, '1977-02-04', '', 2),
(467, 280, 26, '1977-02-04', '', 2),
(468, 281, 26, '1977-02-04', '', 2),
(469, 282, 26, '1977-02-04', '', 2),
(470, 283, 26, '1977-02-04', '', 2),
(471, 126, 26, '1977-02-04', '', 2),
(472, 170, 26, '1977-02-04', '', 2),
(473, 135, 26, '1977-02-04', '', 2),
(474, 284, 26, '1977-02-04', '', 2),
(475, 107, 26, '1977-02-04', '', 2),
(476, 285, 26, '1977-02-04', '', 2),
(477, 286, 26, '1977-02-04', '', 2),
(478, 287, 26, '1977-02-04', '', 2),
(479, 157, 26, '1977-02-04', '', 2),
(480, 288, 26, '1977-02-04', '', 2),
(481, 289, 26, '1977-02-04', '', 2),
(482, 290, 26, '1977-02-04', '', 2),
(483, 291, 26, '1977-02-04', '', 2),
(484, 117, 26, '1977-02-04', '', 2),
(485, 73, 26, '1977-02-04', '', 2),
(486, 14, 26, '1977-02-04', '', 2),
(487, 34, 26, '1977-02-04', '', 2),
(488, 292, 26, '1977-02-04', '', 2),
(489, 293, 26, '1977-02-04', '', 2),
(490, 294, 26, '1977-02-04', '', 2),
(491, 5, 26, '1977-02-04', '', 2),
(492, 295, 26, '1977-02-04', '', 2),
(493, 296, 26, '1977-02-04', '', 2),
(494, 297, 27, '1977-02-04', '', 1),
(495, 298, 27, '1977-02-04', '', 1),
(496, 274, 27, '1977-02-04', '', 1),
(497, 3, 27, '1977-02-04', '', 1),
(498, 299, 27, '1977-02-04', '', 1),
(499, 113, 27, '1977-02-04', '', 1),
(500, 19, 27, '1977-02-04', '', 1),
(501, 300, 27, '1977-02-04', '', 1),
(502, 2, 27, '1977-02-04', '', 1),
(503, 65, 27, '1977-02-04', '', 1),
(504, 301, 27, '1977-02-04', '', 1),
(505, 35, 27, '1977-02-04', '', 1),
(506, 120, 27, '1977-02-04', '', 1),
(507, 295, 27, '1977-02-04', '', 1),
(508, 34, 27, '1977-02-04', '', 1),
(509, 122, 27, '1977-02-04', '', 1),
(510, 276, 27, '1977-02-04', '', 1),
(511, 133, 27, '1977-02-04', '', 1),
(512, 302, 27, '1977-02-04', '', 1),
(513, 303, 27, '1977-02-04', '', 1),
(514, 304, 27, '1977-02-04', '', 1),
(515, 232, 27, '1977-02-04', '', 1),
(516, 305, 27, '1977-02-04', '', 1),
(517, 151, 27, '1977-02-04', '', 1),
(518, 3, 28, '1977-02-04', '', 1),
(519, 7, 28, '1977-02-04', '', 1),
(520, 37, 28, '1977-02-04', '', 1),
(521, 1, 28, '1977-02-04', '', 1),
(522, 11, 28, '1977-02-04', '', 1),
(523, 29, 28, '1977-02-04', '', 1),
(524, 38, 28, '1977-02-04', '', 1),
(525, 4, 28, '1977-02-04', '', 1),
(526, 211, 28, '1977-02-04', '', 1),
(527, 8, 28, '1977-02-04', '', 1),
(528, 5, 28, '1977-02-04', '', 1),
(529, 306, 28, '1977-02-04', '', 1),
(530, 31, 28, '1977-02-04', '', 1),
(531, 307, 28, '1977-02-04', '', 1),
(532, 18, 29, '1977-02-04', '', 1),
(533, 215, 29, '1977-02-04', '', 1),
(534, 1, 29, '1977-02-04', '', 1),
(535, 308, 29, '1977-02-04', '', 1),
(536, 3, 29, '1977-02-04', '', 1),
(537, 8, 29, '1977-02-04', '', 1),
(538, 309, 29, '1977-02-04', '', 1),
(539, 6, 29, '1977-02-04', '', 1),
(540, 310, 29, '1977-02-04', '', 1),
(541, 2, 29, '1977-02-04', '', 1),
(542, 10, 29, '1977-02-04', '', 1),
(543, 311, 29, '1977-02-04', '', 1),
(544, 312, 29, '1977-02-04', '', 1),
(545, 21, 29, '1977-02-04', '', 1),
(546, 5, 29, '1977-02-04', '', 1),
(547, 41, 30, '1977-02-04', '', 1),
(548, 3, 30, '1977-02-04', '', 1),
(549, 6, 30, '1977-02-04', '', 1),
(550, 5, 30, '1977-02-04', '', 1),
(551, 10, 30, '1977-02-04', '', 1),
(552, 11, 30, '1977-02-04', '', 1),
(553, 24, 30, '1977-02-04', '', 1),
(554, 40, 30, '1977-02-04', '', 1),
(555, 71, 31, '1977-02-04', '', 1),
(556, 251, 31, '1977-02-04', '', 1),
(557, 313, 32, '1977-02-04', '', 4),
(558, 314, 32, '1977-02-04', '', 4),
(559, 315, 32, '1977-02-04', '', 4),
(560, 316, 32, '1977-02-04', '', 4),
(561, 317, 33, '1977-02-04', '', 4),
(562, 318, 34, '1977-02-04', '', 4),
(563, 78, 34, '1977-02-04', '', 4),
(564, 319, 34, '1977-02-04', '', 4),
(565, 320, 34, '1977-02-04', '', 4),
(566, 316, 34, '1977-02-04', '', 4),
(567, 321, 34, '1977-02-04', '', 4),
(568, 253, 35, '1977-02-04', '', 1),
(569, 36, 35, '1977-02-04', '', 1),
(570, 52, 35, '1977-02-04', '', 1),
(571, 94, 35, '1977-02-04', '', 1),
(572, 37, 35, '1977-02-04', '', 1),
(573, 47, 35, '1977-02-04', '', 1),
(574, 3, 35, '1977-02-04', '', 1),
(575, 6, 35, '1977-02-04', '', 1),
(576, 12, 35, '1977-02-04', '', 1),
(577, 322, 35, '1977-02-04', '', 1),
(578, 323, 35, '1977-02-04', '', 1),
(579, 324, 35, '1977-02-04', '', 1),
(580, 325, 35, '1977-02-04', '', 1),
(581, 326, 35, '1977-02-04', '', 1),
(582, 220, 35, '1977-02-04', '', 1),
(583, 327, 35, '1977-02-04', '', 1),
(584, 328, 35, '1977-02-04', '', 1),
(585, 329, 35, '1977-02-04', '', 1),
(586, 330, 35, '1977-02-04', '', 1),
(587, 331, 35, '1977-02-04', '', 1),
(588, 19, 35, '1977-02-04', '', 1),
(589, 332, 35, '1977-02-04', '', 1),
(590, 333, 35, '1977-02-04', '', 1),
(591, 334, 35, '1977-02-04', '', 1),
(592, 184, 35, '1977-02-04', '', 1),
(593, 335, 35, '1977-02-04', '', 1),
(594, 310, 35, '1977-02-04', '', 1),
(595, 336, 35, '1977-02-04', '', 1),
(596, 65, 35, '1977-02-04', '', 1),
(597, 337, 35, '1977-02-04', '', 1),
(598, 338, 36, '1977-02-04', '', 1),
(599, 36, 36, '1977-02-04', '', 1),
(600, 339, 36, '1977-02-04', '', 1),
(601, 192, 36, '1977-02-04', '', 1),
(602, 186, 36, '1977-02-04', '', 1),
(603, 340, 36, '1977-02-04', '', 1),
(604, 30, 36, '1977-02-04', '', 1),
(605, 63, 36, '1977-02-04', '', 1),
(606, 341, 37, '1977-02-04', '', 4),
(607, 36, 38, '1977-02-04', '', 1),
(608, 37, 38, '1977-02-04', '', 1),
(609, 31, 38, '1977-02-04', '', 1),
(610, 5, 38, '1977-02-04', '', 1),
(611, 12, 38, '1977-02-04', '', 1),
(612, 342, 38, '1977-02-04', '', 1),
(613, 71, 38, '1977-02-04', '', 1),
(614, 38, 38, '1977-02-04', '', 1),
(615, 343, 38, '1977-02-04', '', 1),
(616, 253, 38, '1977-02-04', '', 1),
(617, 344, 38, '1977-02-04', '', 1),
(618, 174, 39, '1977-02-04', 'Мероприятия не было', 1),
(619, 115, 39, '1977-02-04', 'Мероприятия не было. Мероприятия не было', 1),
(620, 29, 39, '1977-02-04', 'Мероприятия не было', 1),
(621, 6, 39, '1977-02-04', 'Мероприятия не было', 1),
(622, 36, 39, '1977-02-04', 'Мероприятия не было', 1),
(623, 345, 39, '1977-02-04', 'Мероприятия не было', 1),
(624, 346, 39, '1977-02-04', 'Мероприятия не было', 1),
(625, 347, 39, '1977-02-04', 'Мероприятия не было', 1),
(626, 348, 39, '1977-02-04', 'Мероприятия не было', 1),
(627, 349, 39, '1977-02-04', 'Мероприятия не было', 1),
(628, 170, 39, '1977-02-04', 'Мероприятия не было', 1),
(629, 350, 39, '1977-02-04', 'Мероприятия не было', 1),
(630, 351, 39, '1977-02-04', 'Мероприятия не было', 1),
(631, 15, 39, '1977-02-04', 'Мероприятия не было', 1),
(632, 352, 39, '1977-02-04', 'Мероприятия не было', 1),
(633, 217, 39, '1977-02-04', 'Мероприятия не было', 1),
(634, 353, 39, '1977-02-04', 'Мероприятия не было', 1),
(635, 251, 39, '1977-02-04', 'Мероприятия не было', 1),
(636, 354, 39, '1977-02-04', 'Мероприятия не было', 1),
(637, 355, 39, '1977-02-04', 'Мероприятия не было', 1),
(638, 31, 39, '1977-02-04', 'Мероприятия не было', 1),
(639, 5, 39, '1977-02-04', 'Мероприятия не было', 1),
(640, 356, 39, '1977-02-04', 'Мероприятия не было', 1),
(641, 223, 39, '1977-02-04', 'Мероприятия не было. Мероприятия не было', 1),
(642, 30, 39, '1977-02-04', 'Мероприятия не было. Мероприятия не было', 1),
(643, 357, 39, '1977-02-04', 'Мероприятия не было', 1),
(644, 358, 40, '1977-02-04', '', 4),
(645, 37, 41, '1977-02-04', '', 4),
(646, 36, 41, '1977-02-04', '', 4),
(647, 31, 41, '1977-02-04', '', 4),
(648, 359, 41, '1977-02-04', '', 4),
(649, 333, 41, '1977-02-04', '', 4),
(650, 208, 41, '1977-02-04', '', 4),
(651, 174, 41, '1977-02-04', '', 4),
(652, 189, 41, '1977-02-04', '', 4),
(653, 360, 41, '1977-02-04', '', 4),
(654, 15, 41, '1977-02-04', '', 4),
(655, 361, 41, '1977-02-04', '', 4),
(656, 12, 41, '1977-02-04', '', 4),
(657, 186, 41, '1977-02-04', '', 4),
(658, 14, 41, '1977-02-04', '', 4),
(659, 34, 41, '1977-02-04', '', 4),
(660, 239, 41, '1977-02-04', '', 4),
(661, 335, 41, '1977-02-04', '', 4),
(662, 362, 42, '1977-02-04', '', 2),
(663, 363, 42, '1977-02-04', '', 2),
(664, 99, 42, '1977-02-04', '', 2),
(665, 120, 42, '1977-02-04', '', 2),
(666, 329, 42, '1977-02-04', '', 2),
(667, 364, 42, '1977-02-04', '', 2),
(668, 365, 42, '1977-02-04', '', 2),
(669, 366, 42, '1977-02-04', '', 2),
(670, 344, 42, '1977-02-04', '', 2),
(671, 367, 42, '1977-02-04', '', 2),
(672, 368, 42, '1977-02-04', '', 2),
(673, 369, 42, '1977-02-04', '', 2),
(674, 88, 42, '1977-02-04', '', 2),
(675, 370, 42, '1977-02-04', '', 2),
(676, 211, 42, '1977-02-04', '', 2),
(677, 14, 42, '1977-02-04', '', 2),
(678, 371, 42, '1977-02-04', '', 2),
(679, 73, 42, '1977-02-04', '', 2),
(680, 372, 42, '1977-02-04', '', 2),
(681, 373, 42, '1977-02-04', '', 2),
(682, 374, 42, '1977-02-04', '', 2),
(683, 375, 42, '1977-02-04', '', 2),
(684, 376, 42, '1977-02-04', '', 2),
(685, 377, 42, '1977-02-04', '', 2),
(686, 378, 42, '1977-02-04', '', 2),
(687, 57, 42, '1977-02-04', '', 2),
(688, 379, 42, '1977-02-04', '', 2),
(689, 380, 42, '1977-02-04', '', 2),
(690, 381, 42, '1977-02-04', '', 2),
(691, 382, 42, '1977-02-04', '', 2),
(692, 383, 42, '1977-02-04', '', 2),
(693, 384, 42, '1977-02-04', '', 2),
(694, 385, 42, '1977-02-04', '', 2),
(695, 44, 42, '1977-02-04', '', 2),
(696, 339, 42, '1977-02-04', '', 2),
(697, 67, 42, '1977-02-04', '', 2),
(698, 82, 42, '1977-02-04', '', 2),
(699, 386, 42, '1977-02-04', '', 2),
(700, 387, 42, '1977-02-04', '', 2),
(701, 388, 42, '1977-02-04', '', 2),
(702, 389, 42, '1977-02-04', '', 2),
(703, 390, 42, '1977-02-04', '', 2),
(704, 391, 42, '1977-02-04', '', 2),
(705, 97, 42, '1977-02-04', '', 2),
(706, 392, 42, '1977-02-04', '', 2),
(707, 323, 42, '1977-02-04', '', 2),
(708, 393, 42, '1977-02-04', '', 2),
(709, 394, 42, '1977-02-04', '', 2),
(710, 85, 42, '1977-02-04', '', 2),
(711, 395, 42, '1977-02-04', '', 2),
(712, 396, 42, '1977-02-04', '', 2),
(713, 397, 42, '1977-02-04', '', 2),
(714, 398, 42, '1977-02-04', '', 2),
(715, 100, 42, '1977-02-04', '', 2),
(716, 399, 42, '1977-02-04', '', 2),
(717, 400, 42, '1977-02-04', '', 2),
(718, 333, 42, '1977-02-04', '', 2),
(719, 401, 42, '1977-02-04', '', 2),
(720, 192, 42, '1977-02-04', '', 2),
(721, 402, 42, '1977-02-04', '', 2),
(722, 403, 42, '1977-02-04', '', 2),
(723, 19, 42, '1977-02-04', '', 2),
(724, 404, 42, '1977-02-04', '', 2),
(725, 405, 42, '1977-02-04', '', 2),
(726, 406, 42, '1977-02-04', '', 2),
(727, 407, 42, '1977-02-04', '', 2),
(728, 80, 42, '1977-02-04', '', 2),
(729, 408, 42, '1977-02-04', '', 2),
(730, 409, 42, '1977-02-04', '', 2),
(731, 1, 42, '1977-02-04', '', 2),
(732, 410, 42, '1977-02-04', '', 2),
(733, 411, 42, '1977-02-04', '', 2),
(734, 412, 42, '1977-02-04', '', 2),
(735, 413, 42, '1977-02-04', '', 2),
(736, 87, 42, '1977-02-04', '', 2),
(737, 45, 42, '1977-02-04', '', 2),
(738, 414, 42, '1977-02-04', '', 2),
(739, 415, 42, '1977-02-04', '', 2),
(740, 416, 42, '1977-02-04', '', 2),
(741, 60, 42, '1977-02-04', '', 2),
(742, 417, 42, '1977-02-04', '', 2),
(743, 243, 42, '1977-02-04', '', 2),
(744, 418, 42, '1977-02-04', '', 2),
(745, 419, 42, '1977-02-04', '', 2),
(746, 420, 43, '1977-02-04', '', 4),
(747, 3, 44, '1977-02-04', '', 1),
(748, 421, 44, '1977-02-04', '', 1),
(749, 217, 44, '1977-02-04', '', 4),
(750, 159, 44, '1977-02-04', '', 1),
(751, 277, 44, '1977-02-04', '', 1),
(752, 422, 45, '1977-02-04', '', 1),
(753, 230, 44, '1977-02-04', '', 1),
(754, 340, 44, '1977-02-04', '', 4),
(755, 423, 44, '1977-02-04', '', 1),
(756, 424, 44, '1977-02-04', '', 1),
(757, 425, 44, '1977-02-04', '', 1),
(758, 138, 44, '1977-02-04', '', 1),
(759, 208, 44, '1977-02-04', '', 1),
(760, 174, 45, '1977-02-04', '', 1),
(761, 426, 45, '1977-02-04', '', 1),
(762, 113, 45, '1977-02-04', '', 1),
(763, 257, 46, '1977-02-04', '', 4),
(764, 38, 46, '1977-02-04', '', 4),
(765, 427, 46, '1977-02-04', '', 1),
(766, 428, 46, '1977-02-04', '', 1),
(767, 429, 46, '1977-02-04', '', 1),
(768, 94, 46, '1977-02-04', '', 4),
(769, 357, 46, '1977-02-04', '', 4),
(770, 175, 47, '1977-02-04', '', 4),
(771, 430, 47, '1977-02-04', '', 1),
(772, 69, 47, '1977-02-04', '', 1),
(773, 431, 48, '1977-02-04', '', 1),
(774, 115, 47, '1977-02-04', '', 4),
(775, 432, 47, '1977-02-04', '', 1),
(776, 433, 47, '1977-02-04', '', 1),
(777, 395, 47, '1977-02-04', '', 4),
(778, 434, 47, '1977-02-04', '', 1),
(779, 30, 47, '1977-02-04', '', 4),
(780, 435, 47, '1977-02-04', '', 4),
(781, 436, 47, '1977-02-04', '', 4),
(782, 57, 48, '1977-02-04', '', 4),
(783, 437, 49, '1977-02-04', '', 4),
(784, 279, 49, '1977-02-04', '', 4),
(785, 186, 50, '1977-02-04', '', 4),
(786, 438, 50, '1977-02-04', '', 4),
(787, 36, 50, '1977-02-04', '', 4),
(788, 439, 50, '1977-02-04', '', 4),
(789, 440, 50, '1977-02-04', '', 4),
(790, 344, 50, '1977-02-04', '', 4),
(791, 20, 50, '1977-02-04', '', 4),
(792, 87, 50, '1977-02-04', '', 4),
(793, 317, 51, '1977-02-04', '', 4),
(794, 441, 52, '1977-02-04', '', 4),
(795, 442, 53, '1977-02-04', '', 4),
(796, 315, 53, '1977-02-04', '', 4),
(797, 443, 53, '1977-02-04', '', 4),
(798, 316, 53, '1977-02-04', '', 4),
(799, 321, 53, '1977-02-04', '', 4),
(800, 29, 54, '1977-02-04', '', 4),
(801, 115, 54, '1977-02-04', '', 4),
(802, 444, 54, '1977-02-04', '', 4),
(803, 408, 54, '1977-02-04', '', 4),
(804, 445, 54, '1977-02-04', '', 4),
(805, 446, 54, '1977-02-04', '', 4),
(806, 447, 54, '1977-02-04', '', 4),
(807, 448, 54, '1977-02-04', '', 4),
(808, 449, 54, '1977-02-04', '', 4),
(809, 450, 54, '1977-02-04', '', 4),
(810, 451, 54, '1977-02-04', '', 4),
(811, 67, 54, '1977-02-04', '', 4),
(812, 452, 55, '1977-02-04', '', 4),
(813, 453, 55, '1977-02-04', '', 4),
(814, 454, 56, '1977-02-04', '', 2),
(815, 81, 56, '1977-02-04', '', 2),
(816, 60, 56, '1977-02-04', '', 2),
(817, 455, 56, '1977-02-04', '', 2),
(818, 456, 56, '1977-02-04', '', 2),
(819, 65, 56, '1977-02-04', '', 2),
(820, 457, 56, '1977-02-04', '', 2),
(821, 29, 56, '1977-02-04', '', 2),
(822, 112, 56, '1977-02-04', '', 2),
(823, 459, 56, '1977-02-04', '', 2),
(824, 460, 56, '1977-02-04', '', 2),
(825, 461, 56, '1977-02-04', '', 2),
(826, 208, 56, '1977-02-04', '', 2),
(827, 462, 56, '1977-02-04', '', 2),
(828, 463, 56, '1977-02-04', '', 2),
(829, 30, 56, '1977-02-04', '', 2),
(830, 99, 56, '1977-02-04', '', 2),
(831, 120, 56, '1977-02-04', '', 2),
(832, 464, 56, '1977-02-04', '', 2),
(833, 465, 56, '1977-02-04', '', 2),
(834, 43, 56, '1977-02-04', '', 2),
(835, 350, 56, '1977-02-04', '', 2),
(836, 466, 56, '1977-02-04', '', 2),
(837, 467, 56, '1977-02-04', '', 2),
(838, 5, 56, '1977-02-04', '', 2),
(839, 468, 56, '1977-02-04', '', 2),
(840, 469, 56, '1977-02-04', '', 2),
(841, 86, 56, '1977-02-04', '', 2),
(842, 470, 56, '1977-02-04', '', 2),
(843, 471, 56, '1977-02-04', '', 2),
(844, 472, 56, '1977-02-04', '', 2),
(845, 14, 56, '1977-02-04', '', 2),
(846, 87, 56, '1977-02-04', '', 2),
(847, 473, 56, '1977-02-04', '', 2),
(848, 222, 56, '1977-02-04', '', 2),
(849, 474, 56, '1977-02-04', '', 2),
(850, 475, 56, '1977-02-04', '', 2),
(851, 36, 56, '1977-02-04', '', 2),
(852, 31, 56, '1977-02-04', '', 2),
(853, 78, 56, '1977-02-04', '', 2),
(854, 476, 56, '1977-02-04', '', 2),
(855, 35, 56, '1977-02-04', '', 2),
(856, 477, 56, '1977-02-04', '', 2),
(857, 333, 56, '1977-02-04', '', 2),
(858, 80, 56, '1977-02-04', '', 2),
(859, 478, 56, '1977-02-04', '', 2),
(860, 306, 56, '1977-02-04', '', 2),
(861, 98, 56, '1977-02-04', '', 2),
(862, 479, 56, '1977-02-04', '', 2),
(863, 480, 56, '1977-02-04', '', 2),
(864, 481, 56, '1977-02-04', '', 2),
(865, 482, 56, '1977-02-04', '', 2),
(866, 57, 56, '1977-02-04', '', 2),
(867, 483, 56, '1977-02-04', '', 2),
(868, 484, 56, '1977-02-04', '', 2),
(869, 15, 56, '1977-02-04', '', 2),
(870, 485, 56, '1977-02-04', '', 2),
(871, 486, 56, '1977-02-04', '', 2),
(872, 26, 56, '1977-02-04', '', 2),
(873, 487, 56, '1977-02-04', '', 2),
(874, 212, 56, '1977-02-04', '', 2),
(875, 488, 56, '1977-02-04', '', 2),
(876, 489, 56, '1977-02-04', '', 2),
(877, 19, 56, '1977-02-04', '', 2),
(878, 490, 56, '1977-02-04', '', 2),
(879, 491, 56, '1977-02-04', '', 2),
(880, 492, 56, '1977-02-04', '', 2),
(881, 97, 56, '1977-02-04', '', 2),
(882, 44, 56, '1977-02-04', '', 2),
(883, 493, 56, '1977-02-04', '', 2),
(884, 235, 56, '1977-02-04', '', 2),
(885, 494, 56, '1977-02-04', '', 2),
(886, 495, 56, '1977-02-04', '', 2),
(887, 496, 56, '1977-02-04', '', 2),
(888, 497, 56, '1977-02-04', '', 2),
(889, 94, 56, '1977-02-04', '', 2),
(890, 498, 56, '1977-02-04', '', 2),
(891, 499, 56, '1977-02-04', '', 2),
(892, 500, 56, '1977-02-04', '', 2),
(893, 501, 56, '1977-02-04', '', 2),
(894, 502, 56, '1977-02-04', '', 2),
(895, 376, 56, '1977-02-04', '', 2),
(896, 268, 56, '1977-02-04', '', 2),
(897, 503, 56, '1977-02-04', '', 2),
(898, 504, 56, '1977-02-04', '', 2),
(899, 505, 56, '1977-02-04', '', 2),
(900, 58, 56, '1977-02-04', '', 2),
(901, 506, 56, '1977-02-04', '', 2),
(902, 358, 56, '1977-02-04', '', 2),
(903, 11, 56, '1977-02-04', '', 2),
(904, 507, 56, '1977-02-04', '', 2),
(905, 227, 56, '1977-02-04', '', 2),
(906, 508, 56, '1977-02-04', '', 2),
(907, 509, 56, '1977-02-04', '', 2),
(908, 304, 56, '1977-02-04', '', 2),
(909, 510, 56, '1977-02-04', '', 2),
(910, 364, 56, '1977-02-04', '', 2),
(911, 511, 56, '1977-02-04', '', 2),
(912, 512, 56, '1977-02-04', '', 2),
(913, 513, 56, '1977-02-04', '', 2),
(914, 418, 56, '1977-02-04', '', 2),
(915, 514, 56, '1977-02-04', '', 2),
(916, 251, 56, '1977-02-04', '', 2),
(917, 30, 57, '1977-02-04', '', 2),
(918, 332, 57, '1977-02-04', '', 2),
(919, 333, 58, '1977-02-04', '', 2),
(920, 161, 58, '1977-02-04', '', 2),
(921, 515, 58, '1977-02-04', '', 2),
(922, 330, 58, '1977-02-04', '', 2),
(923, 11, 58, '1977-02-04', '', 2),
(924, 459, 58, '1977-02-04', '', 2),
(925, 281, 58, '1977-02-04', '', 2),
(926, 516, 58, '1977-02-04', '', 2),
(927, 94, 58, '1977-02-04', '', 2),
(928, 257, 58, '1977-02-04', '', 2),
(929, 428, 58, '1977-02-04', '', 2),
(930, 517, 58, '1977-02-04', '', 2),
(931, 36, 59, '1977-02-04', '', 4),
(932, 518, 59, '1977-02-04', '', 4),
(933, 428, 59, '1977-02-04', '', 4),
(934, 519, 59, '1977-02-04', '', 4),
(935, 476, 59, '1977-02-04', 'Просит предоставить вместо нее доступ Антоновой Лилии Игоревне', 4),
(936, 332, 59, '1977-02-04', '', 4),
(937, 386, 59, '1977-02-04', '', 4),
(938, 253, 59, '1977-02-04', '', 4),
(939, 100, 59, '1977-02-04', '', 4),
(940, 520, 59, '1977-02-04', '', 4),
(941, 72, 59, '1977-02-04', '', 4),
(942, 89, 59, '1977-02-04', '', 4),
(943, 115, 59, '1977-02-04', '', 4),
(944, 333, 59, '1977-02-04', '', 4),
(945, 521, 59, '1977-02-04', '', 4),
(946, 522, 59, '1977-02-04', '', 4),
(947, 523, 59, '1977-02-04', '', 4),
(948, 524, 59, '1977-02-04', '', 4),
(949, 50, 59, '1977-02-04', '', 4),
(950, 525, 59, '1977-02-04', '', 4),
(951, 68, 59, '1977-02-04', '', 4),
(952, 71, 60, '1977-02-04', '', 4),
(953, 526, 61, '1977-02-04', '', 4),
(954, 316, 62, '1977-02-04', '', 4),
(955, 197, 63, '1977-02-04', '', 4),
(956, 527, 63, '1977-02-04', '', 4),
(957, 472, 64, '1977-02-04', '', 2),
(958, 528, 64, '1977-02-04', '', 2),
(959, 3, 64, '1977-02-04', '', 2),
(960, 500, 64, '1977-02-04', '', 2),
(961, 18, 64, '1977-02-04', '', 2),
(962, 529, 64, '1977-02-04', '', 2),
(963, 36, 64, '1977-02-04', '', 2),
(964, 530, 64, '1977-02-04', '', 2),
(965, 37, 64, '1977-02-04', '', 2),
(966, 65, 64, '1977-02-04', '', 2),
(967, 531, 64, '1977-02-04', '', 2),
(968, 11, 64, '1977-02-04', '', 2),
(969, 532, 64, '1977-02-04', '', 2),
(970, 122, 64, '1977-02-04', '', 2),
(971, 533, 64, '1977-02-04', '', 2),
(972, 534, 64, '1977-02-04', '', 2),
(973, 535, 64, '1977-02-04', '', 2),
(974, 34, 64, '1977-02-04', '', 2),
(975, 536, 64, '1977-02-04', '', 2),
(976, 428, 64, '1977-02-04', '', 2),
(977, 73, 64, '1977-02-04', '', 2),
(978, 253, 64, '1977-02-04', '', 2),
(979, 230, 64, '1977-02-04', '', 2),
(980, 72, 64, '1977-02-04', '', 2),
(981, 42, 64, '1977-02-04', '', 2),
(982, 239, 64, '1977-02-04', '', 2),
(983, 537, 64, '1977-02-04', '', 2),
(984, 538, 64, '1977-02-04', '', 2),
(985, 539, 64, '1977-02-04', '', 2),
(986, 493, 64, '1977-02-04', '', 2),
(987, 540, 64, '1977-02-04', '', 2),
(988, 541, 65, '1977-02-04', '', 4),
(989, 316, 66, '1977-02-04', '', 4),
(990, 392, 67, '1977-02-04', '', 4),
(991, 392, 55, '1977-02-04', '', 4),
(992, 36, 49, '1977-02-04', '', 6),
(993, 542, 68, '1977-02-04', '', 4),
(994, 212, 68, '1977-02-04', '', 4),
(995, 97, 68, '1977-02-04', '', 4),
(996, 350, 68, '1977-02-04', '', 4),
(997, 543, 68, '1977-02-04', '', 4),
(998, 30, 68, '1977-02-04', '', 4),
(999, 332, 68, '1977-02-04', '', 4),
(1000, 544, 68, '1977-02-04', '', 4),
(1001, 67, 68, '1977-02-04', '', 4),
(1002, 545, 68, '1977-02-04', '', 4),
(1003, 47, 68, '1977-02-04', '', 4),
(1004, 546, 68, '1977-02-04', '', 4),
(1005, 547, 68, '1977-02-04', '', 4),
(1006, 115, 68, '1977-02-04', '', 4),
(1007, 548, 68, '1977-02-04', '', 4),
(1008, 549, 68, '1977-02-04', '', 4),
(1009, 223, 68, '1977-02-04', '', 4),
(1010, 55, 68, '1977-02-04', '', 4),
(1011, 550, 68, '1977-02-04', '', 4),
(1012, 2, 68, '1977-02-04', '', 4),
(1013, 268, 68, '1977-02-04', '', 4),
(1014, 419, 68, '1977-02-04', '', 4),
(1015, 254, 68, '1977-02-04', '', 4),
(1016, 551, 68, '1977-02-04', '', 4),
(1017, 552, 68, '1977-02-04', '', 4),
(1018, 459, 68, '1977-02-04', '', 4),
(1019, 553, 68, '1977-02-04', '', 4),
(1020, 554, 69, '1977-02-04', 'спрашивала про ПЗПО', 7),
(1021, 555, 69, '1977-02-04', 'Спрашивала про ПЗПО', 7),
(1022, 520, 70, '1977-02-04', 'Уточняла про курс ПАЗИС', 7),
(1023, 14, 71, '1977-02-04', '', 1),
(1024, 556, 37, '1977-02-04', '', 4),
(1025, 517, 37, '1977-02-04', '', 4),
(1026, 557, 37, '1977-02-04', '', 4),
(1027, 558, 37, '1977-02-04', '', 4),
(1028, 559, 17, '1977-02-04', '', 4),
(1029, 560, 17, '1977-02-04', '', 4),
(1030, 561, 17, '1977-02-04', '', 4),
(1031, 397, 17, '1977-02-04', '', 4),
(1032, 563, 17, '1977-02-04', '', 4),
(1033, 37, 37, '1977-02-04', '', 4),
(1034, 421, 37, '1977-02-04', '', 6),
(1035, 423, 37, '1977-02-04', '', 6),
(1036, 428, 37, '1977-02-04', '', 6),
(1037, 427, 37, '1977-02-04', '', 6),
(1038, 227, 37, '1977-02-04', '', 6),
(1039, 430, 37, '1977-02-04', '', 6),
(1040, 328, 72, '1977-02-04', '', 6),
(1041, 520, 72, '1977-02-04', '', 6),
(1042, 46, 72, '1977-02-04', '', 4),
(1043, 344, 72, '1977-02-04', '', 4),
(1044, 564, 72, '1977-02-04', '', 4),
(1045, 565, 72, '1977-02-04', '', 4),
(1046, 566, 72, '1977-02-04', '', 4),
(1047, 547, 73, '1977-02-04', '', 4),
(1048, 567, 72, '1977-02-04', '', 4),
(1049, 495, 72, '1977-02-04', '', 4),
(1050, 568, 72, '1977-02-04', '', 4),
(1051, 569, 72, '1977-02-04', '', 4),
(1052, 48, 74, '1977-02-04', '', 4),
(1053, 125, 74, '1977-02-04', '', 4),
(1054, 570, 74, '1977-02-04', '', 4),
(1055, 571, 74, '1977-02-04', '', 4),
(1056, 330, 74, '1977-02-04', '', 4),
(1057, 36, 75, '1977-02-04', '', 4),
(1058, 572, 74, '1977-02-04', '', 4),
(1059, 52, 74, '1977-02-04', '', 4),
(1060, 573, 74, '1977-02-04', '', 6),
(1061, 574, 44, '1977-02-04', '', 4),
(1062, 189, 44, '1977-02-04', '', 4),
(1063, 575, 44, '1977-02-04', '', 4),
(1064, 576, 44, '1977-02-04', '', 4),
(1065, 577, 44, '1977-02-04', '', 4),
(1066, 578, 44, '1977-02-04', '', 4),
(1067, 6, 46, '1977-02-04', '', 4),
(1068, 579, 46, '1977-02-04', '', 4),
(1069, 580, 46, '1977-02-04', '', 4),
(1070, 15, 47, '1977-02-04', '', 4),
(1071, 265, 37, '1977-02-04', '', 4),
(1072, 339, 76, '1977-02-04', '', 4),
(1073, 30, 76, '1977-02-04', '', 4),
(1074, 186, 76, '1977-02-04', '', 4),
(1075, 330, 76, '1977-02-04', '', 4),
(1076, 257, 76, '1977-02-04', '', 4),
(1077, 217, 76, '1977-02-04', '', 4),
(1078, 581, 76, '1977-02-04', '', 4),
(1079, 582, 76, '1977-02-04', '', 4),
(1080, 583, 76, '1977-02-04', '', 4),
(1081, 335, 76, '1977-02-04', '', 4),
(1082, 189, 76, '1977-02-04', '', 4),
(1083, 357, 76, '1977-02-04', '', 4),
(1084, 584, 77, '1977-02-04', '', 4),
(1085, 94, 77, '1977-02-04', '', 4),
(1086, 340, 77, '1977-02-04', '', 4),
(1087, 268, 77, '1977-02-04', '', 4),
(1088, 585, 77, '1977-02-04', '', 4),
(1089, 586, 77, '1977-02-04', '', 4),
(1090, 520, 77, '1977-02-04', '', 4),
(1091, 561, 77, '1977-02-04', '', 4),
(1092, 587, 77, '1977-02-04', '', 4),
(1093, 588, 77, '1977-02-04', '', 4),
(1094, 589, 77, '1977-02-04', '', 4),
(1095, 590, 77, '1977-02-04', '', 4),
(1096, 591, 78, '1977-02-04', '', 4),
(1097, 396, 78, '1977-02-04', '', 4),
(1098, 592, 78, '1977-02-04', '', 4),
(1099, 593, 78, '1977-02-04', '', 4),
(1100, 594, 78, '1977-02-04', '', 4),
(1101, 12, 78, '1977-02-04', '', 4),
(1102, 595, 78, '1977-02-04', '', 4),
(1103, 596, 78, '1977-02-04', '', 4),
(1104, 6, 78, '1977-02-04', '', 4),
(1105, 597, 78, '1977-02-04', '', 4),
(1106, 598, 78, '1977-02-04', '', 4),
(1107, 188, 79, '1977-02-04', '', 4),
(1108, 599, 79, '1977-02-04', '', 4),
(1109, 11, 79, '1977-02-04', '', 4),
(1110, 600, 79, '1977-02-04', '', 4),
(1111, 601, 79, '1977-02-04', '', 4),
(1112, 602, 79, '1977-02-04', '', 4),
(1113, 603, 79, '1977-02-04', '', 4),
(1114, 604, 79, '1977-02-04', '', 4),
(1115, 182, 79, '1977-02-04', '', 4),
(1116, 605, 79, '1977-02-04', '', 4),
(1117, 606, 79, '1977-02-04', '', 4),
(1118, 607, 79, '1977-02-04', '', 4),
(1119, 608, 79, '1977-02-04', '', 4),
(1120, 609, 79, '1977-02-04', '', 4),
(1121, 253, 80, '1977-02-04', '', 4),
(1122, 36, 80, '1977-02-04', '', 4),
(1123, 189, 80, '1977-02-04', '', 4),
(1124, 610, 80, '1977-02-04', '', 4),
(1125, 125, 80, '1977-02-04', '', 4),
(1126, 585, 80, '1977-02-04', '', 4),
(1127, 360, 81, '1977-02-04', '', 4),
(1128, 510, 81, '1977-02-04', '', 4),
(1129, 520, 81, '1977-02-04', '', 4),
(1130, 611, 81, '1977-02-04', '', 4),
(1131, 612, 81, '1977-02-04', '', 4),
(1132, 476, 81, '1977-02-04', '', 4),
(1133, 87, 81, '1977-02-04', '', 4),
(1134, 613, 81, '1977-02-04', '', 4),
(1135, 320, 81, '1977-02-04', '', 4),
(1136, 65, 81, '1977-02-04', '', 4),
(1137, 614, 81, '1977-02-04', '', 4),
(1138, 392, 81, '1977-02-04', '', 4),
(1139, 615, 81, '1977-02-04', '', 4),
(1140, 36, 82, '1977-02-04', '', 4),
(1141, 30, 82, '1977-02-04', '', 4),
(1142, 29, 82, '1977-02-04', '', 4),
(1143, 340, 82, '1977-02-04', '', 4),
(1144, 339, 82, '1977-02-04', '', 4),
(1145, 190, 82, '1977-02-04', '', 4),
(1146, 186, 83, '1977-02-04', '', 4),
(1147, 63, 83, '1977-02-04', '', 4),
(1148, 57, 84, '1977-02-04', '', 4),
(1149, 616, 84, '1977-02-04', '', 4),
(1150, 601, 85, '1977-02-04', '', 4),
(1151, 281, 85, '1977-02-04', '', 4),
(1152, 251, 86, '1977-02-04', '', 4),
(1153, 36, 86, '1977-02-04', '', 4),
(1154, 31, 86, '1977-02-04', '', 4),
(1155, 217, 86, '1977-02-04', '', 4),
(1156, 170, 86, '1977-02-04', '', 4),
(1157, 5, 86, '1977-02-04', '', 4),
(1158, 174, 86, '1977-02-04', '', 4),
(1159, 348, 86, '1977-02-04', '', 4),
(1160, 115, 86, '1977-02-04', '', 4),
(1161, 6, 86, '1977-02-04', '', 4),
(1162, 353, 86, '1977-02-04', '', 4);

-- --------------------------------------------------------

--
-- Структура таблицы `sales_status`
--

DROP TABLE IF EXISTS `sales_status`;
CREATE TABLE IF NOT EXISTS `sales_status` (
  `status_id` int NOT NULL AUTO_INCREMENT,
  `status_name` varchar(50) NOT NULL,
  PRIMARY KEY (`status_id`)
) ENGINE=InnoDB AUTO_INCREMENT=8 DEFAULT CHARSET=utf8mb4 COLLATE=utf8mb4_0900_ai_ci;

--
-- Дамп данных таблицы `sales_status`
--

INSERT INTO `sales_status` (`status_id`, `status_name`) VALUES
(1, 'НЕ ОПРЕДЕЛЁН'),
(2, 'Бесплатно'),
(3, 'Интересовалась'),
(4, 'Купил'),
(5, 'Интересовалсь'),
(6, 'Не купил'),
(7, 'Интересовался');

-- --------------------------------------------------------

--
-- Структура таблицы `users`
--

DROP TABLE IF EXISTS `users`;
CREATE TABLE IF NOT EXISTS `users` (
  `id` int NOT NULL AUTO_INCREMENT,
  `username` varchar(25) CHARACTER SET utf8mb3 COLLATE utf8mb3_unicode_ci NOT NULL,
  `password` varchar(255) CHARACTER SET utf8mb3 COLLATE utf8mb3_unicode_ci NOT NULL,
  `email` varchar(100) CHARACTER SET utf8mb3 COLLATE utf8mb3_unicode_ci NOT NULL,
  `user_group` varchar(100) CHARACTER SET utf8mb3 COLLATE utf8mb3_unicode_ci DEFAULT 'client',
  `login` varchar(25) CHARACTER SET utf8mb3 COLLATE utf8mb3_unicode_ci NOT NULL,
  PRIMARY KEY (`id`),
  KEY `login` (`login`)
) ENGINE=InnoDB AUTO_INCREMENT=25 DEFAULT CHARSET=utf8mb3 COLLATE=utf8mb3_unicode_ci;

--
-- Дамп данных таблицы `users`
--

INSERT INTO `users` (`id`, `username`, `password`, `email`, `user_group`, `login`) VALUES
(8, 'Саблина Майя', '$2y$10$3QfL.YUBaf4Bymw0zFGfsOUZP3u66Ppzb.OjeaqjtjndQoHb0i6Tq', 'pavlikhin2@gmail.com', 'operator', '2'),
(9, 'ООО \"Рога и копыта\"', '$2y$10$cak3fy0M3jGlsHjotG/K9ey8EPlAepp86sUwH//OEv87wLO.4H6tq', 'pavlikhin3@gmail.com', 'client', '3'),
(10, 'Павлихин Алексей', '$2y$10$ACIRZt6S/NeqtqRigL0AY.SEkNTqflUxckqkOaFS6.zjNRrRGI0NS', 'pavlikhin@gmail.com', 'operator', '1'),
(24, 'Сизова Марина Андреевна', '$2y$10$ruE9VH8UaGGmtU7a2HiU.OCRQKJp9s66d8JJDQk8TGl/EYwnsXwy.', 'sizova@msll.ru', 'operator', 'sizova');

--
-- Ограничения внешнего ключа сохраненных таблиц
--

--
-- Ограничения внешнего ключа таблицы `clients_email`
--
ALTER TABLE `clients_email`
  ADD CONSTRAINT `clients_email_ibfk_1` FOREIGN KEY (`client_id`) REFERENCES `clients` (`client_id`) ON DELETE RESTRICT ON UPDATE RESTRICT;

--
-- Ограничения внешнего ключа таблицы `clients_phone`
--
ALTER TABLE `clients_phone`
  ADD CONSTRAINT `clients_phone_ibfk_1` FOREIGN KEY (`client_id`) REFERENCES `clients` (`client_id`) ON DELETE RESTRICT ON UPDATE RESTRICT;

--
-- Ограничения внешнего ключа таблицы `clients_telegram`
--
ALTER TABLE `clients_telegram`
  ADD CONSTRAINT `clients_telegram_ibfk_1` FOREIGN KEY (`client_id`) REFERENCES `clients` (`client_id`) ON DELETE RESTRICT ON UPDATE RESTRICT;

--
-- Ограничения внешнего ключа таблицы `orders`
--
ALTER TABLE `orders`
  ADD CONSTRAINT `orders_ibfk_1` FOREIGN KEY (`client_id`) REFERENCES `users` (`id`) ON DELETE RESTRICT ON UPDATE RESTRICT,
  ADD CONSTRAINT `orders_ibfk_2` FOREIGN KEY (`operator_id`) REFERENCES `users` (`id`) ON DELETE RESTRICT ON UPDATE RESTRICT;

--
-- Ограничения внешнего ключа таблицы `sales`
--
ALTER TABLE `sales`
  ADD CONSTRAINT `sales_client_id` FOREIGN KEY (`client_id`) REFERENCES `clients` (`client_id`) ON DELETE RESTRICT ON UPDATE RESTRICT,
  ADD CONSTRAINT `sales_product_id` FOREIGN KEY (`product_id`) REFERENCES `products` (`product_id`) ON DELETE RESTRICT ON UPDATE RESTRICT,
  ADD CONSTRAINT `sales_status_id` FOREIGN KEY (`sale_status_id`) REFERENCES `sales_status` (`status_id`) ON DELETE RESTRICT ON UPDATE RESTRICT;
COMMIT;

/*!40101 SET CHARACTER_SET_CLIENT=@OLD_CHARACTER_SET_CLIENT */;
/*!40101 SET CHARACTER_SET_RESULTS=@OLD_CHARACTER_SET_RESULTS */;
/*!40101 SET COLLATION_CONNECTION=@OLD_COLLATION_CONNECTION */;
